Kant;GEMNR;Tax_Tot;Tax_Capita;Population;Gemeinde
1;1;4230551;2740;1544;Aeugst am Albis
1;2;9959237;966;10314;  Affoltern am Albis
1;3;7324192;1881;3893;  Bonstetten
1;4;4162514;1369;3040;  Hausen am Albis
1;5;5047621;1688;2991;  Hedingen
1;6;1336881;1546;865;  Kappel am Albis
1;7;1516712;1050;1445;  Knonau
1;8;344947;624;553;  Maschwanden
1;9;5708192;1533;3724;  Mettmenstetten
1;10;4276318;1023;4182;  Obfelden
1;11;3033025;1402;2164;  Ottenbach
1;12;1518379;2127;714;  Rifferswil
1;13;5900895;2263;2608;  Stallikon
1;14;11465826;3030;3784;  Wettswil am Albis
1;21;640213;1091;587;  Adlikon
1;22;649314;922;704;  Benken (ZH)
1;23;890774;1555;573;  Berg am Irchel
1;24;841336;1156;728;  Buch am Irchel
1;25;2002058;1306;1533;  Dachsen
1;26;748585;1262;593;  Dorf
1;27;2962898;997;2973;  Feuerthalen
1;28;1229223;1056;1164;  Flaach
1;29;1987965;1593;1248;  Flurlingen
1;30;2377079;1446;1644;  Andelfingen
1;31;2133777;1316;1621;  Henggart
1;32;442791;1085;408;  Humlikon
1;33;1681469;923;1821;  Kleinandelfingen
1;34;2185281;1596;1369;  Laufen-Uhwiesen
1;35;1498749;831;1803;  Marthalen
1;36;711561;669;1064;  Oberstammheim
1;37;838866;659;1272;  Ossingen
1;38;1012163;615;1645;  Rheinau
1;39;625492;982;637;  Thalheim an der Thur
1;40;752974;761;989;  Trüllikon
1;41;256002;589;435;  Truttikon
1;42;765582;906;845;  Unterstammheim
1;43;247359;923;268;  Volken
1;44;431945;631;684;  Waltalingen
1;51;4285920;1390;3083;  Bachenbülach
1;52;15750773;2096;7515;  Bassersdorf
1;53;16262635;1162;13999;  Bülach
1;54;8617832;1372;6281;  Dietlikon
1;55;4307146;1489;2893;  Eglisau
1;56;7433100;960;7744;  Embrach
1;57;2339952;1100;2127;  Freienstein-Teufen
1;58;3181578;898;3544;  Glattfelden
1;59;1771800;1122;1579;  Hochfelden
1;60;1468528;638;2300;  Höri
1;61;1024348;1310;782;  Hüntwangen
1;62;17369319;1010;17190;  Kloten
1;63;2362510;2016;1172;  Lufingen
1;64;11855935;2649;4475;  Nürensdorf
1;65;1186011;1198;990;  Oberembrach
1;66;13251908;1099;12062;  Opfikon
1;67;3715763;1094;3395;  Rafz
1;68;1592496;724;2201;  Rorbas
1;69;20357705;1705;11939;  Wallisellen
1;70;422262;754;560;  Wasterkingen
1;71;1535907;1166;1317;  Wil (ZH)
1;72;9681803;2919;3317;  Winkel
1;81;394689;684;577;  Bachs
1;82;3213418;3157;1018;  Boppelsen
1;83;5495999;1314;4182;  Buchs (ZH)
1;84;3360688;1031;3261;  Dällikon
1;85;2237245;1279;1749;  Dänikon
1;86;5365407;1099;4882;  Dielsdorf
1;87;1067926;2004;533;  Hüttikon
1;88;9247856;3909;2366;  Neerach
1;89;4024575;1077;3737;  Niederglatt
1;90;6520105;859;7589;  Niederhasli
1;91;2780675;1253;2220;  Niederweningen
1;92;3406303;665;5120;  Oberglatt
1;93;2273813;1763;1290;  Oberweningen
1;94;2767027;1494;1852;  Otelfingen
1;95;899368;1847;487;  Regensberg
1;96;15422120;1021;15098;  Regensdorf
1;97;5752335;1036;5552;  Rümlang
1;98;546821;858;637;  Schleinikon
1;99;1359646;1200;1133;  Schöfflisdorf
1;100;1921052;1105;1739;  Stadel
1;101;3629632;1324;2742;  Steinmaur
1;102;950628;956;994;  Weiach
1;111;3347588;802;4172;  Bäretswil
1;112;6600223;1217;5424;  Bubikon
1;113;4979694;819;6082;  Dürnten
1;114;1027071;524;1961;  Fischenthal
1;115;10505441;1210;8685;  Gossau (ZH)
1;116;3590231;1161;3092;  Grüningen
1;117;10074820;1100;9157;  Hinwil
1;118;7456201;690;10804;  Rüti (ZH)
1;119;1614313;1262;1279;  Seegräben
1;120;4947016;587;8421;  Wald (ZH)
1;121;16842021;929;18129;  Wetzikon (ZH)
1;131;21935707;1386;15822;  Adliswil
1;132;2864508;1508;1900;  Hirzel
1;133;37617236;2158;17432;  Horgen
1;134;798401;928;860;  Hütten
1;135;44197517;6141;7197;  Kilchberg (ZH)
1;136;13784860;2090;6595;  Langnau am Albis
1;137;17280703;3771;4583;  Oberrieden
1;138;17564245;1696;10354;  Richterswil
1;139;56569461;11645;4858;  Rüschlikon
1;140;3657475;2032;1800;  Schönenberg (ZH)
1;141;47105344;2980;15805;  Thalwil
1;142;27288142;1402;19464;  Wädenswil
1;151;35267719;7652;4609;  Erlenbach (ZH)
1;152;41141875;7482;5499;  Herrliberg
1;153;11200321;1546;7246;  Hombrechtikon
1;154;104274566;8353;12484;  Küsnacht (ZH)
1;155;21328073;2555;8348;  Männedorf
1;156;51226447;4462;11480;  Meilen
1;157;3163941;723;4375;  Oetwil am See
1;158;30818401;2664;11567;  Stäfa
1;159;16413402;3150;5210;  Uetikon am See
1;160;40663168;8937;4550;  Zumikon
1;161;82106305;7040;11662;  Zollikon
1;171;2683043;630;4259;  Bauma
1;172;5999630;1280;4687;  Fehraltorf
1;173;3587601;1210;2965;  Hittnau
1;174;14299187;987;14491;  Illnau-Effretikon
1;175;581122;1467;396;  Kyburg
1;176;5834126;1433;4072;  Lindau
1;177;10531485;1098;9592;  Pfäffikon
1;178;6287070;1591;3952;  Russikon
1;179;187880;538;349;  Sternenberg
1;180;4594881;1625;2827;  Weisslingen
1;181;1141078;636;1793;  Wila
1;182;864880;976;886;  Wildberg
1;191;28938225;1303;22216;  Dübendorf
1;192;16082050;2157;7455;  Egg
1;193;13798944;2148;6423;  Fällanden
1;194;7450219;1421;5242;  Greifensee
1;195;29538983;3404;8677;  Maur
1;196;3399355;1068;3183;  Mönchaltorf
1;197;5659371;1330;4256;  Schwerzenbach
1;198;37091617;1298;28571;  Uster
1;199;20166688;1433;14070;  Volketswil
1;200;8728599;1460;5978;  Wangen-Brüttisellen
1;211;450044;734;613;  Altikon
1;212;832185;845;985;  Bertschikon
1;213;4484176;2528;1774;  Brütten
1;214;720613;839;859;  Dägerlen
1;215;611050;1155;529;  Dättlikon
1;216;1526670;1173;1301;  Dinhard
1;217;3651005;1016;3593;  Elgg
1;218;848032;1143;742;  Ellikon an der Thur
1;219;3444866;1188;2900;  Elsau
1;220;582217;537;1085;  Hagenbuch
1;221;5338120;2240;2383;  Hettlingen
1;222;209975;501;419;  Hofstetten (ZH)
1;223;5992407;1330;4504;  Neftenbach
1;224;2207948;888;2486;  Pfungen
1;225;2375295;1172;2027;  Rickenbach (ZH)
1;226;471589;773;610;  Schlatt (ZH)
1;227;9598291;1464;6558;  Seuzach
1;228;2334799;571;4091;  Turbenthal
1;229;5742709;1425;4029;  Wiesendangen
1;230;87661839;969;90483;  Winterthur
1;231;3032028;660;4595;  Zell (ZH)
1;241;2843381;2993;950;  Aesch (ZH)
1;242;8100824;1486;5451;  Birmensdorf (ZH)
1;243;14874116;697;21353;  Dietikon
1;244;6572582;1448;4540;  Geroldswil
1;245;7828955;1332;5879;  Oberengstringen
1;246;4487054;2117;2120;  Oetwil an der Limmat
1;247;8881002;665;13356;  Schlieren
1;248;25429061;7307;3480;  Uitikon
1;249;6758660;2387;2832;  Unterengstringen
1;250;11168330;1186;9417;  Urdorf
1;251;6360925;1678;3791;  Weiningen (ZH)
1;261;591184501;1627;363273;  Zürich
2;301;2516077;662;3802;  Aarberg
2;302;506713;552;918;  Bargen (BE)
2;303;1665399;595;2800;  Grossaffoltern
2;304;677000;459;1475;  Kallnach
2;305;772199;694;1112;  Kappelen
2;306;7437845;698;10659;  Lyss
2;307;1953743;787;2482;  Meikirch
2;308;105156;387;272;  Niederried bei Kallnach
2;309;579724;476;1217;  Radelfingen
2;310;1573717;791;1990;  Rapperswil (BE)
2;311;2133381;643;3318;  Schüpfen
2;312;1725751;549;3144;  Seedorf (BE)
2;321;2456868;614;4001;  Aarwangen
2;322;184232;365;505;  Auswil
2;323;255087;400;637;  Bannwil
2;324;259246;359;722;  Bleienbach
2;325;73434;377;195;  Busswil bei Melchnau
2;326;200101;273;734;  Gondiswil
2;328;197528;369;536;  Kleindietwil
2;329;10307715;732;14078;  Langenthal
2;330;133636;301;444;  Leimiswil
2;331;1073206;460;2334;  Lotzwil
2;332;1266592;595;2130;  Madiswil
2;333;683593;410;1669;  Melchnau
2;334;146322;368;398;  Obersteckholz
2;335;89681;321;279;  Oeschenbach
2;336;32221;164;197;  Reisiswil
2;337;1696118;471;3600;  Roggwil (BE)
2;338;520173;381;1364;  Rohrbach
2;339;84529;194;436;  Rohrbachgraben
2;340;275107;519;530;  Rütschelen
2;341;182686;417;438;  Schwarzhäusern
2;342;1649813;558;2957;  Thunstetten
2;343;30932;185;167;  Untersteckholz
2;344;257889;287;900;  Ursenbach
2;345;694815;439;1584;  Wynau
2;351;121638950;946;128634;  Bern
2;352;8918293;1513;5893;  Bolligen
2;353;6528144;1717;3802;  Bremgarten bei Bern
2;354;3555593;1300;2736;  Kirchlindach
2;355;36156188;957;37782;  Köniz
2;356;35256993;2805;12571;  Muri bei Bern
2;357;361056;432;835;  Oberbalm
2;358;3584927;1265;2833;  Stettlen
2;359;4607156;999;4614;  Vechigen
2;360;11652203;1302;8952;  Wohlen bei Bern
2;361;11206574;1188;9437;  Zollikofen
2;362;11614800;1057;10991;  Ittigen
2;363;8491901;550;15452;  Ostermundigen
2;371;26537098;545;48655;  Biel/Bienne
2;372;5519414;2323;2376;  Evilard
2;381;652128;411;1588;  Arch
2;382;448759;635;707;  Büetigen
2;383;3269242;1062;3077;  Büren an der Aare
2;384;976362;516;1891;  Busswil bei Büren
2;385;434130;504;862;  Diessbach bei Büren
2;386;605155;435;1391;  Dotzigen
2;387;2415447;542;4459;  Lengnau (BE)
2;388;524960;453;1160;  Leuzigen
2;389;32062;543;59;  Meienried
2;390;615516;518;1189;  Meinisberg
2;391;386079;504;766;  Oberwil bei Büren
2;392;1478072;450;3282;  Pieterlen
2;393;341867;381;898;  Rüti bei Büren
2;394;262870;476;552;  Wengi
2;401;480984;474;1014;  Aefligen
2;402;235887;428;551;  Alchenstorf
2;403;896408;873;1027;  Bäriswil
2;404;9644404;655;14714;  Burgdorf
2;405;846493;571;1483;  Ersigen
2;406;1477108;501;2948;  Hasle bei Burgdorf
2;407;664974;431;1543;  Heimiswil
2;408;85352;442;193;  Hellsau
2;409;1086849;543;2000;  Hindelbank
2;410;71252;279;255;  Höchstetten
2;411;176650;397;445;  Kernenried
2;412;4063492;775;5244;  Kirchberg (BE)
2;413;1137416;551;2066;  Koppigen
2;414;1253745;506;2480;  Krauchthal
2;415;893160;642;1391;  Lyssach
2;416;99534;889;112;  Mötschwil
2;417;95043;453;210;  Niederösch
2;418;1079720;394;2740;  Oberburg
2;419;30901;273;113;  Oberösch
2;420;733947;351;2094;  Rüdtligen-Alchenflüh
2;421;46043;339;136;  Rumendingen
2;422;74734;479;156;  Rüti bei Lyssach
2;423;80856;473;171;  Willadingen
2;424;592151;291;2037;  Wynigen
2;431;733921;492;1493;  Corgémont
2;432;247657;467;530;  Cormoret
2;433;265457;372;714;  Cortébert
2;434;615871;546;1127;  Courtelary
2;435;196522;383;513;  La Ferrière
2;436;243385;499;488;  La Heutte
2;437;46834;404;116;  Mont-Tramelan
2;438;646559;524;1235;  Orvin
2;439;714884;535;1335;  Péry
2;440;191080;486;393;  Plagne
2;441;332439;398;836;  Renan (BE)
2;442;83890;426;197;  Romont (BE)
2;443;2597520;540;4807;  Saint-Imier
2;444;764071;459;1666;  Sonceboz-Sombeval
2;445;388882;336;1158;  Sonvilier
2;446;2264819;544;4165;  Tramelan
2;447;184278;414;445;  Vauffelin
2;448;485127;538;901;  Villeret
2;491;243302;378;643;  Brüttelen
2;492;864152;770;1123;  Erlach
2;493;177676;432;411;  Finsterhennen
2;494;320187;465;689;  Gals
2;495;407225;502;812;  Gampelen
2;496;2010390;682;2947;  Ins
2;497;400688;814;492;  Lüscherz
2;498;636173;575;1107;  Müntschemier
2;499;269705;441;612;  Siselen
2;500;148452;376;395;  Treiten
2;501;201032;385;522;  Tschugg
2;502;520388;708;735;  Vinelz
2;531;13936;228;61;  Ballmoos
2;532;108871;689;158;  Bangerten
2;533;1719236;637;2700;  Bätterkinden
2;534;368940;856;431;  Büren zum Hof
2;535;124136;1427;87;  Deisswil bei Münchenbuchsee
2;536;234256;1403;167;  Diemerswil
2;537;229796;642;358;  Etzelkofen
2;538;1302058;810;1607;  Fraubrunnen
2;539;651449;725;899;  Grafenried
2;540;3517869;880;3999;  Jegenstorf
2;541;342127;828;413;  Iffwil
2;542;173879;550;316;  Limpach
2;543;401532;689;583;  Mattstetten
2;544;2136234;596;3584;  Moosseedorf
2;545;68455;279;245;  Mülchi
2;546;8188072;852;9609;  Münchenbuchsee
2;547;442221;830;533;  Münchringen
2;548;76117;303;251;  Ruppoldsried
2;549;169188;483;350;  Schalunen
2;550;12677;222;57;  Scheunen
2;551;3532782;667;5295;  Urtenen-Schönbühl
2;552;2145414;588;3649;  Utzenstorf
2;553;79156;816;97;  Wiggiswil
2;554;302390;387;781;  Wiler bei Utzenstorf
2;555;172226;572;301;  Zauggenried
2;556;179542;542;331;  Zielebach
2;557;454881;960;474;  Zuzwil (BE)
2;561;1062684;292;3634;  Adelboden
2;562;814189;402;2025;  Aeschi bei Spiez
2;563;2697558;405;6661;  Frutigen
2;564;151374;160;945;  Kandergrund
2;565;515550;453;1137;  Kandersteg
2;566;472467;536;882;  Krattigen
2;567;1146493;345;3325;  Reichenbach im Kandertal
2;571;316226;247;1279;  Beatenberg
2;572;812444;372;2182;  Bönigen
2;573;973451;329;2956;  Brienz (BE)
2;574;178431;308;580;  Brienzwiler
2;575;114266;318;359;  Därligen
2;576;2237058;550;4069;  Grindelwald
2;577;138693;291;477;  Gsteigwiler
2;578;61266;233;263;  Gündlischwand
2;579;84440;135;624;  Habkern
2;580;254891;463;551;  Hofstetten bei Brienz
2;581;3122065;610;5119;  Interlaken
2;582;110148;254;434;  Iseltwald
2;584;978468;336;2914;  Lauterbrunnen
2;585;439808;490;898;  Leissigen
2;586;25765;102;253;  Lütschental
2;587;1428533;389;3671;  Matten bei Interlaken
2;588;156152;457;342;  Niederried bei Interlaken
2;589;188113;388;485;  Oberried am Brienzersee
2;590;1082143;424;2554;  Ringgenberg (BE)
2;591;16040;125;128;  Saxeten
2;592;185537;307;605;  Schwanden bei Brienz
2;593;3409133;655;5201;  Unterseen
2;594;1034043;462;2238;  Wilderswil
2;601;79289;250;317;  Aeschlen
2;602;253031;256;990;  Arni (BE)
2;603;776484;434;1790;  Biglen
2;604;115488;306;378;  Bleiken bei Oberdiessbach
2;605;319998;239;1339;  Bowil
2;606;192586;397;485;  Brenzikofen
2;607;163818;420;390;  Freimettigen
2;608;2085896;653;3196;  Grosshöchstetten
2;609;129044;584;221;  Häutligen
2;610;206912;414;500;  Herbligen
2;611;517333;697;742;  Kiesen
2;612;2808750;610;4606;  Konolfingen
2;613;124253;190;655;  Landiswil
2;614;386571;296;1307;  Linden
2;615;323762;659;491;  Mirchel
2;616;8912107;815;10937;  Münsingen
2;617;271755;443;614;  Niederhünigen
2;619;1694557;581;2916;  Oberdiessbach
2;620;175195;219;800;  Oberthal
2;622;346919;588;590;  Oppligen
2;623;2301118;920;2502;  Rubigen
2;624;325098;496;656;  Schlosswil
2;625;253984;756;336;  Tägertschi
2;626;632623;323;1956;  Walkringen
2;627;8569095;787;10895;  Worb
2;628;530613;350;1514;  Zäziwil
2;629;85469;289;296;  Oberhünigen
2;630;698728;1412;495;  Allmendingen
2;631;196247;407;482;  Trimstein
2;632;2698185;729;3699;  Wichtrach
2;661;6893;130;53;  Clavaleyres
2;662;672327;533;1262;  Ferenbalm
2;663;1294971;1012;1280;  Frauenkappelen
2;664;104601;316;331;  Golaten
2;665;85418;359;238;  Gurbrü
2;666;230269;562;410;  Kriechenwil
2;667;1756182;628;2796;  Laupen
2;668;1693279;622;2722;  Mühleberg
2;669;160529;370;434;  Münchenwiler
2;670;2791092;640;4362;  Neuenegg
2;671;137398;383;359;  Wileroltigen
2;681;205479;626;328;  Belprahon
2;682;730547;439;1666;  Bévilard
2;683;86981;576;151;  Champoz
2;684;19883;163;122;  Châtelat
2;687;114256;557;205;  Corcelles (BE)
2;690;1639127;1215;1349;  Court
2;691;283226;491;577;  Crémines
2;692;136998;385;356;  Eschert
2;694;86558;235;368;  Grandval
2;696;136793;411;333;  Loveresse
2;697;903717;487;1854;  Malleray
2;699;21373;611;35;  Monible
2;700;3821740;496;7701;  Moutier
2;701;391766;823;476;  Perrefitte
2;702;121316;639;190;  Pontenet
2;703;954955;395;2417;  Reconvilier
2;704;70156;312;225;  Roches (BE)
2;706;217737;324;673;  Saicourt
2;707;33129;202;164;  Saules (BE)
2;708;5194;100;52;  Schelten
2;709;8121;103;79;  Seehof
2;710;24380;216;113;  Sornetan
2;711;112623;414;272;  Sorvilier
2;712;39691;345;115;  Souboz
2;713;1904373;565;3373;  Tavannes
2;715;5203;173;30;  Rebévelier
2;721;217404;519;419;  Diesse
2;722;274772;425;647;  Lamboing
2;723;4432722;1287;3445;  La Neuveville
2;724;471924;706;668;  Nods
2;725;637344;719;886;  Prêles
2;731;832406;501;1663;  Aegerten
2;732;2330613;1909;1221;  Bellmund
2;733;1932173;482;4011;  Brügg
2;734;319760;822;389;  Bühl
2;735;114685;356;322;  Epsach
2;736;183795;515;357;  Hagneck
2;737;123893;477;260;  Hermrigen
2;738;526877;865;609;  Jens
2;739;3842618;1177;3266;  Ipsach
2;740;709850;1449;490;  Ligerz
2;741;309913;754;411;  Merzligen
2;742;1986679;2818;705;  Mörigen
2;743;4102459;603;6798;  Nidau
2;744;1705839;682;2502;  Orpund
2;745;3736076;1335;2799;  Port
2;746;1362277;766;1779;  Safnern
2;747;218730;520;421;  Scheuren
2;748;370150;553;669;  Schwadernau
2;749;1649268;691;2387;  Studen (BE)
2;750;1490484;1295;1151;  Sutz-Lattrigen
2;751;2076960;852;2437;  Täuffelen
2;752;642336;2270;283;  Tüscherz-Alfermée
2;753;782715;905;865;  Twann
2;754;409998;520;788;  Walperswil
2;755;1284214;584;2199;  Worben
2;761;221636;252;879;  Därstetten
2;762;451350;220;2054;  Diemtigen
2;763;544254;302;1802;  Erlenbach im Simmental
2;764;45870;158;291;  Niederstocken
2;765;45397;173;263;  Oberstocken
2;766;161061;201;803;  Oberwil im Simmental
2;767;315685;347;909;  Reutigen
2;768;8203152;682;12027;  Spiez
2;769;805669;348;2314;  Wimmis
2;781;55864;205;272;  Gadmen
2;782;82720;252;328;  Guttannen
2;783;368610;289;1276;  Hasliberg
2;784;353228;377;936;  Innertkirchen
2;785;2284334;476;4803;  Meiringen
2;786;208859;364;574;  Schattenhalb
2;791;240769;168;1436;  Boltigen
2;792;958135;410;2337;  Lenk
2;793;277216;201;1381;  St. Stephan
2;794;1197405;403;2970;  Zweisimmen
2;841;1128525;1239;911;  Gsteig
2;842;577042;727;794;  Lauenen
2;843;15339746;2219;6914;  Saanen
2;851;150333;311;483;  Albligen
2;852;275725;166;1660;  Guggisberg
2;853;586373;360;1628;  Rüschegg
2;854;3575923;576;6205;  Wahlern
2;861;6981986;759;9193;  Belp
2;862;173243;464;373;  Belpberg
2;863;437883;426;1029;  Burgistein
2;865;59456;238;250;  Gelterfingen
2;866;1325534;1455;911;  Gerzensee
2;867;240260;338;711;  Gurzelen
2;868;108212;460;235;  Jaberg
2;869;567182;718;790;  Kaufdorf
2;870;3735943;1007;3710;  Kehrsatz
2;871;10948;211;52;  Kienersrüti
2;872;572678;699;819;  Kirchdorf (BE)
2;873;109301;374;292;  Kirchenthurnen
2;874;128419;645;199;  Lohnstorf
2;875;274558;1500;183;  Mühledorf (BE)
2;876;735556;570;1290;  Mühlethurnen
2;877;143197;274;523;  Niedermuhlern
2;878;59176;239;248;  Noflen
2;879;1288286;596;2162;  Riggisberg
2;880;538682;278;1939;  Rüeggisberg
2;881;197170;440;448;  Rümligen
2;882;55356;125;444;  Rüti bei Riggisberg
2;883;1232844;594;2076;  Seftigen
2;884;1918629;863;2223;  Toffen
2;885;1132993;720;1574;  Uttigen
2;886;930105;336;2770;  Wattenwil
2;888;692455;549;1262;  Wald (BE)
2;901;496364;198;2501;  Eggiwil
2;902;4089253;447;9148;  Langnau im Emmental
2;903;1019240;380;2681;  Lauperswil
2;904;187089;148;1262;  Röthenbach im Emmental
2;905;784891;348;2258;  Rüderswil
2;906;137813;151;910;  Schangnau
2;907;790646;275;2878;  Signau
2;908;203063;135;1506;  Trub
2;909;515735;330;1562;  Trubschachen
2;921;359017;468;767;  Amsoldingen
2;922;491663;412;1192;  Blumenstein
2;923;504780;343;1473;  Buchholterberg
2;924;88023;175;502;  Eriz
2;925;235792;330;715;  Fahrni
2;927;243729;345;707;  Heiligenschwendi
2;928;2809055;508;5529;  Heimberg
2;929;5763549;1508;3821;  Hilterfingen
2;930;151581;381;398;  Höfen
2;931;170037;351;485;  Homberg
2;932;26074;117;222;  Horrenbach-Buchen
2;934;2684599;1232;2179;  Oberhofen am Thunersee
2;935;97377;202;482;  Oberlangenegg
2;936;52657;233;226;  Pohlern
2;937;78316;299;262;  Schwendibach
2;938;3146559;700;4496;  Sigriswil
2;939;9146733;637;14349;  Steffisburg
2;940;34216;174;197;  Teuffenthal (BE)
2;941;977666;518;1888;  Thierachern
2;942;24556037;608;40377;  Thun
2;943;228275;337;678;  Uebeschi
2;944;3102062;544;5702;  Uetendorf
2;945;205117;221;927;  Unterlangenegg
2;946;29771;106;281;  Wachseldorn
2;947;118993;504;236;  Zwieselberg
2;948;186892;285;655;  Forst-Längenbühl
2;951;307247;254;1212;  Affoltern im Emmental
2;952;209408;203;1032;  Dürrenroth
2;953;294033;204;1439;  Eriswil
2;954;2074630;430;4825;  Huttwil
2;955;1327399;335;3957;  Lützelflüh
2;956;1496780;510;2935;  Rüegsau
2;957;1808598;341;5307;  Sumiswald
2;958;229096;208;1100;  Trachselwald
2;959;138663;254;546;  Walterswil (BE)
2;960;251125;210;1198;  Wyssachen
2;971;530276;398;1334;  Attiswil
2;972;25620;502;51;  Berken
2;973;159819;336;475;  Bettenhausen
2;974;108337;511;212;  Bollodingen
2;975;98665;446;221;  Farnern
2;976;103626;335;309;  Graben
2;977;139744;308;453;  Heimenhausen
2;978;49575;491;101;  Hermiswil
2;979;4266295;686;6218;  Herzogenbuchsee
2;980;354442;542;654;  Inkwil
2;981;1968136;501;3930;  Niederbipp
2;982;716562;508;1410;  Niederönz
2;983;896745;637;1407;  Oberbipp
2;985;151519;236;641;  Ochlenberg
2;986;195563;613;319;  Röthenbach bei Herzogenbuchsee
2;987;242813;534;455;  Rumisberg
2;988;509942;350;1455;  Seeberg
2;989;391269;405;965;  Thörigen
2;990;98275;411;239;  Walliswil bei Niederbipp
2;991;216429;393;551;  Walliswil bei Wangen
2;992;1341515;710;1889;  Wangen an der Aare
2;993;147115;385;382;  Wangenried
2;994;66982;278;241;  Wanzwil
2;995;1078732;447;2414;  Wiedlisbach
2;996;136615;785;174;  Wolfisberg
3;1001;180760;277;653;  Doppleschwand
3;1002;1188653;353;3366;  Entlebuch
3;1003;765979;237;3229;  Escholzmatt
3;1004;556131;320;1737;  Flühli
3;1005;400832;236;1701;  Hasle (LU)
3;1006;209640;178;1175;  Marbach (LU)
3;1007;103264;141;732;  Romoos
3;1008;1122175;288;3897;  Schüpfheim
3;1009;550009;291;1892;  Werthenstein
3;1021;538694;567;950;  Aesch (LU)
3;1022;180108;509;354;  Altwis
3;1023;1725278;817;2112;  Ballwil
3;1024;13030421;485;26885;  Emmen
3;1025;575244;771;746;  Ermensee
3;1026;2495078;841;2966;  Eschenbach (LU)
3;1027;339444;479;709;  Gelfingen
3;1028;354489;798;444;  Hämikon
3;1030;1464738;639;2293;  Hitzkirch
3;1031;5460624;704;7761;  Hochdorf
3;1032;1604831;657;2442;  Hohenrain
3;1033;1624048;911;1783;  Inwil
3;1035;134601;530;254;  Mosen
3;1036;286838;653;439;  Müswangen
3;1037;1611484;880;1831;  Rain
3;1038;95139;498;191;  Retschwil
3;1039;630769;430;1468;  Römerswil
3;1040;5840306;936;6239;  Rothenburg
3;1041;397397;545;729;  Schongau
3;1042;153168;976;157;  Sulz (LU)
3;1051;6917121;1381;5010;  Adligenswil
3;1052;3841185;772;4976;  Buchrain
3;1053;854412;668;1279;  Dierikon
3;1054;8614159;761;11322;  Ebikon
3;1055;998066;1178;847;  Gisikon
3;1056;1170672;1520;770;  Greppen
3;1057;355541;1111;320;  Honau
3;1058;17534879;1386;12648;  Horw
3;1059;20054707;811;24742;  Kriens
3;1060;6701382;421;15929;  Littau
3;1061;73478818;1235;59496;  Luzern
3;1062;3182531;519;6127;  Malters
3;1063;26419996;4461;5923;  Meggen
3;1064;1330264;1305;1019;  Meierskappel
3;1065;2386377;658;3625;  Root
3;1066;805056;541;1489;  Schwarzenberg
3;1067;2395102;1294;1851;  Udligenswil
3;1068;860548;828;1039;  Vitznau
3;1069;8594039;2377;3616;  Weggis
3;1081;1723607;665;2591;  Beromünster
3;1082;937036;494;1895;  Büron
3;1083;1371367;512;2680;  Buttisholz
3;1084;3494258;2782;1256;  Eich
3;1085;1250401;643;1946;  Geuensee
3;1086;1365475;500;2731;  Grosswangen
3;1087;728357;392;1857;  Gunzwil
3;1088;1653704;987;1675;  Hildisrieden
3;1089;1061170;670;1583;  Knutwil
3;1091;1127631;1177;958;  Mauensee
3;1092;538670;509;1058;  Neudorf
3;1093;3045332;552;5517;  Neuenkirch
3;1094;1900460;709;2682;  Nottwil
3;1095;2860773;1075;2661;  Oberkirch
3;1096;335211;489;686;  Pfeffikon
3;1097;1123549;557;2017;  Rickenbach (LU)
3;1098;3041444;486;6262;  Ruswil
3;1099;4938807;2347;2104;  Schenkon
3;1100;369885;652;567;  Schlierbach
3;1102;4965036;1426;3483;  Sempach
3;1103;6549028;813;8059;  Sursee
3;1104;1786940;527;3392;  Triengen
3;1106;317548;403;788;  Winikon
3;1107;1956085;479;4086;  Wolhusen
3;1121;131164;251;523;  Alberswil
3;1122;443767;503;883;  Altbüron
3;1123;713709;558;1279;  Altishofen
3;1125;2478881;574;4319;  Dagmersellen
3;1126;200558;496;404;  Ebersecken
3;1127;938270;765;1226;  Egolzwil
3;1128;1138857;537;2121;  Ettiswil
3;1129;155600;229;678;  Fischbach
3;1130;309804;313;990;  Gettnau
3;1131;245485;304;808;  Grossdietwil
3;1132;394935;218;1809;  Hergiswil bei Willisau
3;1135;601338;396;1520;  Luthern
3;1136;935321;328;2850;  Menznau
3;1137;1803380;842;2141;  Nebikon
3;1138;118969;375;317;  Ohmstal
3;1139;968062;405;2390;  Pfaffnau
3;1140;2820742;473;5958;  Reiden
3;1142;256994;397;648;  Roggliswil
3;1143;1433009;468;3065;  Schötz
3;1145;174937;222;789;  Ufhusen
3;1146;930252;557;1671;  Wauwil
3;1147;749722;559;1342;  Wikon
3;1150;733887;372;1975;  Zell (LU)
3;1151;4335269;611;7101;  Willisau
4;1201;5480752;642;8541;  Altdorf (UR)
4;1202;1014407;791;1282;  Andermatt
4;1203;632981;426;1487;  Attinghausen
4;1204;122024;535;228;  Bauen
4;1205;1625971;419;3878;  Bürglen (UR)
4;1206;1235038;314;3933;  Erstfeld
4;1207;1104338;618;1787;  Flüelen
4;1208;137643;269;511;  Göschenen
4;1209;126421;200;631;  Gurtnellen
4;1210;45970;223;206;  Hospental
4;1211;48674;90;539;  Isenthal
4;1212;46904;321;146;  Realp
4;1213;2296024;469;4897;  Schattdorf
4;1214;661339;438;1509;  Seedorf (UR)
4;1215;287091;485;592;  Seelisberg
4;1216;568601;275;2068;  Silenen
4;1217;98556;282;350;  Sisikon
4;1218;125481;130;963;  Spiringen
4;1219;115227;151;764;  Unterschächen
4;1220;146893;316;465;  Wassen
5;1301;13801242;1093;12622;  Einsiedeln
5;1311;1767556;914;1934;  Gersau
5;1321;38508438;10190;3779;  Feusisberg
5;1322;127653472;9778;13055;  Freienbach
5;1323;105245097;17327;6074;  Wollerau
5;1331;29644998;2770;10704;  Küssnacht (SZ)
5;1341;17168825;3702;4638;  Altendorf
5;1342;5204619;1325;3927;  Galgenen
5;1343;88311;529;167;  Innerthal
5;1344;19785547;3155;6272;  Lachen
5;1345;2062458;740;2787;  Reichenburg
5;1346;5338187;759;7030;  Schübelbach
5;1347;3962899;1498;2646;  Tuggen
5;1348;375593;380;988;  Vorderthal
5;1349;4460995;983;4540;  Wangen (SZ)
5;1361;226863;510;445;  Alpthal
5;1362;8139821;849;9593;  Arth
5;1363;175789;244;721;  Illgau
5;1364;9644078;1289;7482;  Ingenbohl
5;1365;441212;505;874;  Lauerz
5;1366;640685;669;958;  Morschach
5;1367;1152228;329;3507;  Muotathal
5;1368;574382;800;718;  Oberiberg
5;1369;7498;127;59;  Riemenstalden
5;1370;921272;441;2089;  Rothenthurm
5;1371;914388;652;1402;  Sattel
5;1372;17065310;1236;13802;  Schwyz
5;1373;1480709;534;2775;  Steinen
5;1374;408717;456;896;  Steinerberg
5;1375;865189;390;2220;  Unteriberg
6;1401;3317847;673;4932;  Alpnach
6;1402;6143495;1733;3544;  Engelberg
6;1403;1729563;504;3435;  Giswil
6;1404;2683149;526;5101;  Kerns
6;1405;1572305;800;1965;  Lungern
6;1406;4312641;1002;4305;  Sachseln
6;1407;13698106;1498;9145;  Sarnen
7;1501;3378418;1196;2825;  Beckenried
7;1502;5264400;1084;4856;  Buochs
7;1503;660002;400;1649;  Dallenwil
7;1504;1658519;1401;1184;  Emmetten
7;1505;7764870;1971;3939;  Ennetbürgen
7;1506;1378899;735;1875;  Ennetmoos
7;1507;35483709;7464;4754;  Hergiswil (NW)
7;1508;1955088;681;2872;  Oberdorf (NW)
7;1509;7647112;1095;6983;  Stans
7;1510;13802942;3191;4325;  Stansstad
7;1511;1080432;548;1973;  Wolfenschiessen
8;1601;45295;263;172;  Betschwanden
8;1602;720657;383;1882;  Bilten
8;1603;190669;467;408;  Braunwald
8;1604;78558;331;237;  Diesbach (GL)
8;1605;214816;282;761;  Elm
8;1606;196808;300;656;  Engi
8;1607;1679594;598;2808;  Ennenda
8;1608;206046;380;542;  Filzbach
8;1609;5170026;931;5556;  Glarus
8;1610;221222;341;649;  Haslen
8;1611;123748;363;341;  Hätzingen
8;1612;78636;427;184;  Leuggelbach
8;1613;400225;334;1200;  Linthal
8;1614;214453;362;592;  Luchsingen
8;1615;173513;455;381;  Matt
8;1616;463148;450;1030;  Mitlödi
8;1617;2529040;850;2974;  Mollis
8;1618;247811;562;441;  Mühlehorn
8;1619;2448078;620;3947;  Näfels
8;1620;2208013;785;2813;  Netstal
8;1621;143349;556;258;  Nidfurn
8;1622;2492697;666;3741;  Niederurnen
8;1623;867092;479;1811;  Oberurnen
8;1624;203305;468;434;  Obstalden
8;1625;476296;766;622;  Riedern
8;1626;102416;231;444;  Rüti (GL)
8;1627;1263858;486;2601;  Schwanden (GL)
8;1628;362612;918;395;  Schwändi
8;1629;291992;964;303;  Sool
9;1701;72867187;3755;19407;  Baar
9;1702;29239058;2222;13159;  Cham
9;1703;26589209;3806;6987;  Hünenberg
9;1704;6834626;1520;4495;  Menzingen
9;1705;3622429;1887;1920;  Neuheim
9;1706;33420063;7051;4740;  Oberägeri
9;1707;19864107;2743;7241;  Risch
9;1708;14003768;1591;8801;  Steinhausen
9;1709;18061492;2516;7179;  Unterägeri
9;1710;28418327;9022;3150;  Walchwil
9;1711;141013001;6138;22973;  Zug
10;2004;132987;543;245;  Bussy (FR)
10;2005;599892;1222;491;  Châbles
10;2008;295477;1078;274;  Châtillon (FR)
10;2009;105063;317;331;  Cheiry
10;2010;1006439;1463;688;  Cheyres
10;2011;770738;690;1117;  Cugy (FR)
10;2013;1291609;588;2196;  Domdidier
10;2014;243291;414;587;  Dompierre (FR)
10;2015;2995083;675;4437;  Estavayer-le-Lac
10;2016;247840;423;586;  Fétigny
10;2017;213969;801;267;  Font
10;2022;490753;916;536;  Gletterens
10;2024;353144;702;503;  Léchelles
10;2025;410773;594;692;  Lully (FR)
10;2027;116136;391;297;  Ménières
10;2029;885832;503;1762;  Montagny (FR)
10;2033;41840;340;123;  Morens (FR)
10;2034;196426;456;431;  Murist
10;2035;209829;714;294;  Nuvilly
10;2038;19954;317;63;  Prévondavaux
10;2039;198908;846;235;  Rueyres-les-Prés
10;2040;108195;555;195;  Russy
10;2041;759647;613;1239;  Saint-Aubin (FR)
10;2043;138438;955;145;  Sévaz
10;2044;142939;475;301;  Surpierre
10;2045;165292;619;267;  Vallon
10;2047;83573;323;259;  Villeneuve (FR)
10;2049;56303;329;171;  Vuissens
10;2050;608944;552;1104;  Les Montets
10;2051;681128;1024;665;  Delley-Portalban
10;2052;465906;577;808;  Vernay
10;2061;264813;1479;179;  Auboranges
10;2063;241800;389;621;  Billens-Hennens
10;2066;229170;1157;198;  Chapelle (Glâne)
10;2067;115229;347;332;  Le Châtelard
10;2068;365504;678;539;  Châtonnaye
10;2072;255997;962;266;  Ecublens (FR)
10;2079;87417;557;157;  Grangettes
10;2086;131405;326;403;  Massonnens
10;2087;399884;439;911;  Mézières (FR)
10;2089;164955;953;173;  Montet (Glâne)
10;2096;1995263;503;3964;  Romont (FR)
10;2097;565404;596;948;  Rue
10;2099;3460468;1871;1850;  Siviriez
10;2102;911202;644;1414;  Ursy
10;2111;370937;405;917;  Villaz-Saint-Pierre
10;2112;251310;507;496;  Vuarmarens
10;2113;750465;414;1812;  Vuisternens-devant-Romont
10;2114;438595;394;1113;  Villorsonnens
10;2115;276821;423;654;  Torny
10;2116;468575;567;827;  La Folliaz
10;2121;405662;302;1342;  Haut-Intyamon
10;2122;1089207;807;1350;  Pont-en-Ogoz
10;2123;227596;593;384;  Botterens
10;2124;964788;467;2068;  Broc
10;2125;12670581;877;14452;  Bulle
10;2126;69716;210;332;  Cerniat (FR)
10;2127;1230536;782;1574;  Charmey
10;2128;107688;525;205;  Châtel-sur-Montsalvens
10;2129;226496;664;341;  Corbières
10;2130;203637;889;229;  Crésuz
10;2131;560391;1015;552;  Echarlens
10;2134;326544;540;605;  Grandvillard
10;2135;941536;609;1546;  Gruyères
10;2137;341780;737;464;  Hauteville
10;2138;144606;208;694;  Jaun
10;2140;1241756;904;1374;  Marsens
10;2143;410395;855;480;  Morlon
10;2145;619238;664;933;  Le Pâquier (FR)
10;2147;448446;977;459;  Pont-la-Ville
10;2148;1488882;903;1648;  Riaz
10;2149;1550079;1176;1318;  La Roche
10;2152;737492;619;1191;  Sâles
10;2153;528399;632;836;  Sorens
10;2155;445329;509;875;  Vaulruz
10;2159;115768;538;215;  Villarvolard
10;2160;986203;595;1657;  Vuadens
10;2162;440684;466;946;  Bas-Intyamon
10;2171;469570;716;656;  Arconciel
10;2172;13819;171;81;  Autafond
10;2173;396328;648;612;  Autigny
10;2174;1819061;1400;1299;  Avry
10;2175;1389327;628;2214;  Belfaux
10;2177;282922;511;554;  Chénens
10;2179;567710;5208;109;  Chésopelloz
10;2183;2766508;1707;1621;  Corminboeuf
10;2184;479860;598;802;  Corpataux-Magnedens
10;2185;156371;597;262;  Corserey
10;2186;898913;933;963;  Cottens (FR)
10;2189;1006419;973;1034;  Ependes (FR)
10;2192;1164630;656;1775;  Farvagny
10;2194;1571892;8590;183;  Ferpicloz
10;2196;24430300;687;35547;  Fribourg
10;2197;2082053;909;2291;  Givisiez
10;2198;1648702;807;2042;  Granges-Paccot
10;2200;1054873;716;1473;  Grolley
10;2206;6671391;929;7184;  Marly
10;2208;1571585;1246;1261;  Matran
10;2211;1938731;1164;1666;  Neyruz (FR)
10;2213;255588;542;472;  Noréaz
10;2216;316749;2329;136;  Pierrafortscha
10;2217;259951;533;488;  Ponthaux
10;2220;1700933;634;2681;  Le Mouret
10;2221;592920;736;806;  Prez-vers-Noréaz
10;2222;860057;772;1114;  Rossens (FR)
10;2223;547041;600;912;  Le Glèbe
10;2225;42775;392;109;  Senèdes
10;2226;605084;485;1248;  Treyvaux
10;2228;11807539;1264;9339;  Villars-sur-Glâne
10;2230;62435;844;74;  Villarsel-sur-Marly
10;2231;244118;344;709;  Vuisternens-en-Ogoz
10;2233;1322030;803;1646;  Hauterive (FR)
10;2234;1246754;970;1285;  La Brillaz
10;2235;850002;1040;817;  La Sonnaz
10;2243;394056;715;551;  Barberêche
10;2244;133288;866;154;  Büchslen
10;2250;994926;1102;903;  Courgevaux
10;2251;160699;620;259;  Courlevon
10;2254;1386626;517;2680;  Courtepin
10;2257;1091192;1497;729;  Cressier (FR)
10;2258;414224;861;481;  Fräschels
10;2259;281391;502;560;  Galmiz
10;2260;141789;505;281;  Gempenach
10;2261;934163;6228;150;  Greng
10;2262;2144405;648;3311;  Gurmels
10;2264;237186;600;395;  Jeuss
10;2265;2592636;666;3892;  Kerzers
10;2266;511802;1011;506;  Kleinbösingen
10;2270;66581;372;179;  Lurtigen
10;2271;907753;1660;547;  Meyriez
10;2272;553660;449;1232;  Misery-Courtion
10;2274;1714106;2384;719;  Muntelier
10;2275;4491546;805;5578;  Murten
10;2276;735396;885;831;  Ried bei Kerzers
10;2277;308359;771;400;  Salvenach
10;2278;202973;565;359;  Ulmiz
10;2279;264767;584;453;  Villarepos
10;2280;1547663;935;1656;  Bas-Vully
10;2281;2577406;2443;1055;  Haut-Vully
10;2283;299403;954;314;  Wallenried
10;2291;812177;432;1881;  Alterswil
10;2292;196192;350;561;  Brünisried
10;2293;5518534;822;6712;  Düdingen
10;2294;545301;391;1393;  Giffers
10;2295;2121941;681;3117;  Bösingen
10;2296;371627;338;1101;  Heitenried
10;2298;325326;323;1006;  Oberschrot
10;2299;534731;276;1938;  Plaffeien
10;2300;399910;408;980;  Plasselb
10;2301;503111;491;1025;  Rechthalten
10;2302;866832;451;1924;  St. Antoni
10;2303;258853;271;955;  St. Silvester
10;2304;537497;463;1162;  St. Ursen
10;2305;2098831;640;3280;  Schmitten (FR)
10;2306;2145002;817;2627;  Tafers
10;2307;713736;622;1147;  Tentlingen
10;2308;1508912;713;2115;  Ueberstorf
10;2309;2495152;508;4916;  Wünnewil-Flamatt
10;2310;89358;195;459;  Zumholz
10;2321;2151268;955;2252;  Attalens
10;2323;650897;625;1041;  Bossonnens
10;2325;4003117;912;4389;  Châtel-Saint-Denis
10;2328;692974;1102;629;  Granges (Veveyse)
10;2333;435227;585;744;  Remaufens
10;2335;495229;597;829;  Saint-Martin (FR)
10;2336;554524;544;1019;  Semsales
10;2337;299160;352;849;  Le Flon
10;2338;327791;380;862;  La Verrerie
11;2401;2002226;694;2884;  Egerkingen
11;2402;934059;781;1196;  Härkingen
11;2403;884822;547;1617;  Kestenholz
11;2404;1468959;818;1796;  Neuendorf
11;2405;434649;459;947;  Niederbuchsiten
11;2406;1058483;575;1841;  Oberbuchsiten
11;2407;3600992;797;4517;  Oensingen
11;2408;1222910;631;1939;  Wolfwil
11;2421;247727;456;543;  Aedermannsdorf
11;2422;3242725;582;5574;  Balsthal
11;2423;18339;218;84;  Gänsbrunnen
11;2424;133527;235;568;  Herbetswil
11;2425;293129;498;589;  Holderbank (SO)
11;2426;678201;411;1651;  Laupersdorf
11;2427;464752;356;1305;  Matzendorf
11;2428;980346;384;2553;  Mümliswil-Ramiswil
11;2429;336916;288;1171;  Welschenrohr
11;2441;120425;673;179;  Aetigkofen
11;2442;331356;1214;273;  Aetingen
11;2443;51511;473;109;  Balm bei Messen
11;2444;107477;484;222;  Bibern (SO)
11;2445;219247;759;289;  Biezwil
11;2446;120260;643;187;  Brügglen
11;2447;97918;518;189;  Brunnenthal
11;2449;107170;570;188;  Gossliwil
11;2450;259094;1045;248;  Hessigkofen
11;2452;246019;1025;240;  Küttigkofen
11;2453;221806;666;333;  Kyburg-Buchegg
11;2454;275072;618;445;  Lüsslingen
11;2455;1280710;1998;641;  Lüterkofen-Ichertswil
11;2456;264882;714;371;  Lüterswil-Gächliwil
11;2457;611841;632;968;  Messen
11;2458;231909;707;328;  Mühledorf (SO)
11;2459;533275;1111;480;  Nennigkofen
11;2460;59960;659;91;  Oberramsern
11;2461;620341;656;946;  Schnottwil
11;2462;108628;572;190;  Tscheppach
11;2463;149357;853;175;  Unterramsern
11;2471;1212556;1242;976;  Bättwil
11;2472;788623;906;870;  Büren (SO)
11;2473;8606215;1462;5886;  Dornach
11;2474;973801;1304;747;  Gempen
11;2475;1717367;1528;1124;  Hochwald
11;2476;5936836;2185;2717;  Hofstetten-Flüh
11;2477;827487;1013;817;  Metzerlen-Mariastein
11;2478;1268362;965;1314;  Nuglar-St. Pantaleon
11;2479;1468217;1148;1279;  Rodersdorf
11;2480;1100591;1149;958;  Seewen
11;2481;1616608;1253;1290;  Witterswil
11;2491;179481;677;265;  Hauenstein-Ifenthal
11;2492;226502;434;522;  Kienberg
11;2493;4378994;1259;3477;  Lostorf
11;2495;2752706;729;3775;  Niedergösgen
11;2497;1080751;557;1941;  Obergösgen
11;2498;48117;433;111;  Rohr (SO)
11;2499;735344;778;945;  Stüsslingen
11;2500;2778379;450;6173;  Trimbach
11;2501;1175268;691;1700;  Winznau
11;2502;292579;697;420;  Wisen (SO)
11;2503;1640923;569;2882;  Erlinsbach (SO)
11;2511;920568;907;1015;  Aeschi (SO)
11;2513;4415804;581;7603;  Biberist
11;2514;322869;660;489;  Bolken
11;2516;1137226;566;2011;  Deitingen
11;2517;2923469;503;5810;  Derendingen
11;2518;488688;624;783;  Etziken
11;2519;2083814;444;4694;  Gerlafingen
11;2520;531586;672;791;  Halten
11;2521;290035;549;528;  Heinrichswil-Winistorf
11;2522;115067;685;168;  Hersiwil
11;2523;517096;645;802;  Horriwil
11;2524;53638;801;67;  Hüniken
11;2525;908791;807;1126;  Kriegstetten
11;2526;3487916;1491;2339;  Lohn-Ammannsegg
11;2527;1675499;538;3112;  Luterbach
11;2528;644370;615;1047;  Obergerlafingen
11;2529;580787;883;658;  Oekingen
11;2530;930238;587;1586;  Recherswil
11;2531;56508;395;143;  Steinhof
11;2532;1661909;633;2625;  Subingen
11;2534;3733336;418;8922;  Zuchwil
11;2541;162251;828;196;  Balm bei Günsberg
11;2542;3612153;719;5027;  Bellach
11;2543;5965234;1264;4721;  Bettlach
11;2544;4245183;5615;756;  Feldbrunnen-St. Niklaus
11;2545;559857;557;1006;  Flumenthal
11;2546;10726239;673;15938;  Grenchen
11;2547;1453718;1225;1187;  Günsberg
11;2548;437565;659;664;  Hubersdorf
11;2549;186222;4775;39;  Kammersrohr
11;2550;2999273;882;3400;  Langendorf
11;2551;1005867;719;1399;  Lommiswil
11;2552;192998;545;354;  Niederwil (SO)
11;2553;2022086;1254;1612;  Oberdorf (SO)
11;2554;1701507;1143;1489;  Riedholz
11;2555;1393176;988;1410;  Rüttenen
11;2556;1779466;633;2810;  Selzach
11;2571;372099;585;636;  Boningen
11;2572;1810443;696;2602;  Däniken
11;2573;2330662;505;4615;  Dulliken
11;2574;191729;579;331;  Eppenberg-Wöschnau
11;2575;888744;613;1450;  Fulenbach
11;2576;1897302;793;2393;  Gretzenbach
11;2578;936120;656;1428;  Gunzgen
11;2579;4583331;1097;4178;  Hägendorf
11;2580;2987604;1202;2486;  Kappel (SO)
11;2581;14128369;843;16757;  Olten
11;2582;1112469;1257;885;  Rickenbach (SO)
11;2583;3308162;695;4761;  Schönenwerd
11;2584;2417621;1929;1253;  Starrkirch-Wil
11;2585;356745;564;632;  Walterswil (SO)
11;2586;4045731;884;4579;  Wangen bei Olten
11;2601;15270374;986;15489;  Solothurn
11;2611;330696;379;872;  Bärschwil
11;2612;60582;195;311;  Beinwil (SO)
11;2613;2260007;693;3260;  Breitenbach
11;2614;1429444;766;1865;  Büsserach
11;2615;486846;523;931;  Erschwil
11;2616;234035;460;509;  Fehren
11;2617;275432;558;494;  Grindel
11;2618;898304;950;946;  Himmelried
11;2619;523131;421;1243;  Kleinlützel
11;2620;210157;349;603;  Meltingen
11;2621;1292054;701;1843;  Nunningen
11;2622;251385;415;606;  Zullwil
12;2701;245304079;1473;166558;  Basel
12;2702;3036296;2638;1151;  Bettingen
12;2703;51092084;2508;20370;  Riehen
13;2761;10569964;1086;9735;  Aesch (BL)
13;2762;22313866;1231;18131;  Allschwil
13;2763;23533575;2728;8628;  Arlesheim
13;2764;8379415;3128;2679;  Biel-Benken
13;2765;40560972;2902;13977;  Binningen
13;2766;6700880;643;10429;  Birsfelden
13;2767;18274532;3318;5508;  Bottmingen
13;2768;5511112;1157;4764;  Ettingen
13;2769;12819342;1095;11702;  Münchenstein
13;2770;21951144;1318;16654;  Muttenz
13;2771;22824251;2438;9363;  Oberwil (BL)
13;2772;5009528;2471;2027;  Pfeffingen
13;2773;25555248;1395;18323;  Reinach (BL)
13;2774;2931963;2355;1245;  Schönenbuch
13;2775;16774566;1989;8434;  Therwil
13;2781;841018;1274;660;  Blauen
13;2782;947183;680;1392;  Brislach
13;2783;162864;711;229;  Burg im Leimental
13;2784;358863;523;686;  Dittingen
13;2785;1628657;1402;1162;  Duggingen
13;2786;1136371;712;1595;  Grellingen
13;2787;4136928;852;4857;  Laufen
13;2788;603418;525;1149;  Liesberg
13;2789;309937;881;352;  Nenzlingen
13;2790;113057;481;235;  Roggenburg
13;2791;1483671;923;1608;  Röschenz
13;2792;700613;565;1240;  Wahlen
13;2793;1324251;657;2017;  Zwingen
13;2821;1615992;1188;1360;  Arisdorf
13;2822;748904;788;950;  Augst
13;2823;3655964;858;4262;  Bubendorf
13;2824;5541380;972;5703;  Frenkendorf
13;2825;5384222;1293;4164;  Füllinsdorf
13;2826;1156475;1449;798;  Giebenach
13;2827;417216;1599;261;  Hersberg
13;2828;3459232;745;4645;  Lausen
13;2829;13607711;1052;12930;  Liestal
13;2830;1659679;1342;1237;  Lupsingen
13;2831;11003109;738;14904;  Pratteln
13;2832;1042241;1626;641;  Ramlinsburg
13;2833;2387693;1962;1217;  Seltisberg
13;2834;921933;683;1349;  Ziefen
13;2841;285427;577;495;  Anwil
13;2842;625017;934;669;  Böckten
13;2843;401791;624;644;  Buckten
13;2844;671109;738;909;  Buus
13;2845;334363;661;506;  Diepflingen
13;2846;3930386;718;5476;  Gelterkinden
13;2847;154950;578;268;  Häfelfingen
13;2848;125767;434;290;  Hemmiken
13;2849;1403190;867;1618;  Itingen
13;2850;524599;1084;484;  Känerkinden
13;2851;71128;653;109;  Kilchberg (BL)
13;2852;723742;579;1251;  Läufelfingen
13;2853;1312654;1483;885;  Maisprach
13;2854;444875;2213;201;  Nusshof
13;2855;147003;363;405;  Oltingen
13;2856;1450371;771;1881;  Ormalingen
13;2857;412514;792;521;  Rickenbach (BL)
13;2858;477136;690;692;  Rothenfluh
13;2859;142265;443;321;  Rümlingen
13;2860;818745;1161;705;  Rünenberg
13;2861;6364400;1195;5325;  Sissach
13;2862;576391;678;850;  Tecknau
13;2863;696068;773;900;  Tenniken
13;2864;756854;649;1167;  Thürnen
13;2865;458072;699;655;  Wenslingen
13;2866;387774;659;588;  Wintersingen
13;2867;331663;990;335;  Wittinsburg
13;2868;166844;374;446;  Zeglingen
13;2869;1321391;543;2433;  Zunzgen
13;2881;507295;1029;493;  Arboldswil
13;2882;449881;746;603;  Bennwil
13;2883;294466;414;712;  Bretzwil
13;2884;776386;559;1390;  Diegten
13;2885;238208;421;566;  Eptingen
13;2886;2189329;1057;2071;  Hölstein
13;2887;443034;1005;441;  Lampenberg
13;2888;412474;444;929;  Langenbruck
13;2889;167268;545;307;  Lauwil
13;2890;127906;847;151;  Liedertswil
13;2891;1010577;523;1933;  Niederdorf
13;2892;1497494;646;2319;  Oberdorf (BL)
13;2893;852217;561;1520;  Reigoldswil
13;2894;321693;847;380;  Titterten
13;2895;614070;462;1328;  Waldenburg
14;2901;367017;421;872;  Gächlingen
14;2902;320514;1242;258;  Guntmadingen
14;2903;1131044;1004;1127;  Löhningen
14;2904;1229832;714;1722;  Neunkirch
14;2911;107568;554;194;  Altdorf (SH)
14;2913;102588;390;263;  Bibern (SH)
14;2914;291836;853;342;  Büttenhardt
14;2915;770636;982;785;  Dörflingen
14;2916;48970;386;127;  Hofen
14;2917;474821;749;634;  Lohn (SH)
14;2918;50893;361;141;  Opfertshofen (SH)
14;2919;2225390;2564;868;  Stetten (SH)
14;2920;3469480;850;4080;  Thayngen
14;2931;152093;613;248;  Bargen (SH)
14;2932;2333981;771;3027;  Beringen
14;2933;1527783;1966;777;  Buchberg
14;2934;341330;665;513;  Hemmental
14;2936;328806;511;644;  Merishausen
14;2937;7500959;753;9959;  Neuhausen am Rheinfall
14;2938;1057026;1716;616;  Rüdlingen
14;2939;30924185;920;33628;  Schaffhausen
14;2951;146068;292;500;  Beggingen
14;2952;956830;538;1779;  Schleitheim
14;2953;495818;701;707;  Siblingen
14;2961;227865;668;341;  Buch (SH)
14;2962;280479;744;377;  Hemishofen
14;2963;652626;509;1283;  Ramsen
14;2964;3452366;1157;2985;  Stein am Rhein
14;2971;1078148;537;2008;  Hallau
14;2972;182406;459;397;  Oberhallau
14;2973;287922;543;530;  Trasadingen
14;2974;959488;578;1660;  Wilchingen
15;3001;10308230;649;15882;  Herisau
15;3002;251708;242;1038;  Hundwil
15;3003;143186;312;459;  Schönengrund
15;3004;613983;418;1468;  Schwellbrunn
15;3005;1132629;836;1355;  Stein (AR)
15;3006;961982;412;2336;  Urnäsch
15;3007;961398;562;1710;  Waldstatt
15;3021;1629172;1020;1598;  Bühler
15;3022;2495323;901;2770;  Gais
15;3023;4956260;1286;3853;  Speicher
15;3024;14544157;2628;5535;  Teufen (AR)
15;3025;1221243;654;1867;  Trogen
15;3031;502451;484;1038;  Grub (AR)
15;3032;2598745;640;4063;  Heiden
15;3033;969028;732;1323;  Lutzenberg
15;3034;1534339;881;1742;  Rehetobel
15;3035;324328;453;716;  Reute (AR)
15;3036;516985;587;881;  Wald (AR)
15;3037;1852563;849;2181;  Walzenhausen
15;3038;1162126;688;1689;  Wolfhalden
16;3101;7799416;1432;5447;  Appenzell
16;3102;1049622;761;1379;  Gonten
16;3103;3510905;1204;2915;  Rüte
16;3104;450690;393;1146;  Schlatt-Haslen
16;3105;1452245;751;1935;  Schwende
16;3111;1459430;813;1796;  Oberegg
17;3201;672387;588;1143;  Häggenschwil
17;3202;554438;516;1074;  Muolen
17;3203;65524906;902;72626;  St. Gallen
17;3204;6007172;708;8486;  Wittenbach
17;3211;702920;831;846;  Berg (SG)
17;3212;1787229;860;2079;  Eggersriet
17;3213;6859511;813;8441;  Goldach
17;3214;7934795;2546;3116;  Mörschwil
17;3215;3838547;444;8647;  Rorschach
17;3216;5585681;862;6483;  Rorschacherberg
17;3217;2423151;836;2899;  Steinach
17;3218;1443143;1365;1057;  Tübach
17;3219;728714;812;897;  Untereggen
17;3231;5553692;867;6409;  Au (SG)
17;3232;4718559;1173;4024;  Balgach
17;3233;3387493;1030;3289;  Berneck
17;3234;4455875;885;5034;  Diepoldsau
17;3235;1795410;556;3231;  Rheineck
17;3236;2982899;564;5285;  St. Margrethen
17;3237;4096001;683;5996;  Thal
17;3238;5572330;746;7470;  Widnau
17;3251;7273281;701;10381;  Altstätten
17;3252;904506;714;1266;  Eichberg
17;3253;1148772;646;1779;  Marbach (SG)
17;3254;4722134;634;7454;  Oberriet (SG)
17;3255;2490452;614;4055;  Rebstein
17;3256;1078926;549;1967;  Rüthi (SG)
17;3271;10355232;996;10399;  Buchs (SG)
17;3272;1915856;668;2867;  Gams
17;3273;4611019;732;6297;  Grabs
17;3274;3078599;687;4484;  Sennwald
17;3275;3602230;847;4253;  Sevelen
17;3276;2625349;558;4704;  Wartau
17;3291;3525028;715;4929;  Bad Ragaz
17;3292;1871162;383;4882;  Flums
17;3293;3905715;498;7837;  Mels
17;3294;504099;287;1754;  Pfäfers
17;3295;1084581;395;2749;  Quarten
17;3296;3227229;677;4765;  Sargans
17;3297;2239689;576;3891;  Vilters-Wangs
17;3298;3338293;737;4532;  Walenstadt
17;3311;1355588;851;1593;  Amden
17;3312;1277187;573;2228;  Benken (SG)
17;3313;1796284;486;3694;  Kaltbrunn
17;3314;425708;602;707;  Rieden
17;3315;1287166;360;3573;  Schänis
17;3316;1288180;906;1422;  Weesen
17;3331;810709;629;1289;  Ernetschwil
17;3332;3131170;616;5083;  Eschenbach (SG)
17;3333;563512;539;1045;  Goldingen
17;3334;1862811;707;2634;  Gommiswald
17;3337;1059153;616;1719;  St. Gallenkappel
17;3338;2590096;814;3182;  Schmerikon
17;3339;3862718;719;5369;  Uznach
17;3340;38287141;1571;24368;  Rapperswil-Jona
17;3351;441632;304;1453;  Alt St. Johann
17;3352;2019887;403;5007;  Ebnat-Kappel
17;3356;61394;154;398;  Stein (SG)
17;3357;594888;472;1260;  Wildhaus
17;3358;1660350;453;3665;  Nesslau-Krummenau
17;3371;218070;238;917;  Brunnadern
17;3372;219363;232;944;  Hemberg
17;3373;57816;208;278;  Krinau
17;3374;1428107;754;1893;  Lichtensteig
17;3375;606157;416;1456;  Oberhelfenschwil
17;3376;508021;404;1256;  St. Peterzell
17;3377;3839191;465;8265;  Wattwil
17;3391;1935337;545;3550;  Bütschwil
17;3392;3516118;445;7904;  Kirchberg (SG)
17;3393;485149;348;1395;  Lütisburg
17;3394;975035;337;2894;  Mosnang
17;3401;1972894;499;3952;  Degersheim
17;3402;5875506;630;9320;  Flawil
17;3403;411735;371;1111;  Ganterschwil
17;3405;2000015;638;3134;  Jonschwil
17;3406;759579;336;2261;  Mogelsberg
17;3407;4043268;732;5521;  Oberuzwil
17;3408;8015345;669;11977;  Uzwil
17;3421;2893102;673;4297;  Bronschhofen
17;3422;709337;502;1414;  Niederbüren
17;3423;1686023;649;2599;  Niederhelfenschwil
17;3424;2756683;699;3946;  Oberbüren
17;3425;23436000;1430;16392;  Wil (SG)
17;3426;4732012;1246;3798;  Zuzwil (SG)
17;3441;1637220;1052;1557;  Andwil (SG)
17;3442;8973162;1197;7495;  Gaiserwald
17;3443;14279608;850;16805;  Gossau (SG)
17;3444;1905496;627;3040;  Waldkirch
18;3501;50397;327;154;  Alvaschein
18;3502;24286;282;86;  Mon
18;3503;42930;537;80;  Mutten
18;3504;24062;188;128;  Stierva
18;3505;90446;393;230;  Tiefencastel
18;3506;3346236;1243;2691;  Vaz/Obervaz
18;3511;208061;516;403;  Alvaneu
18;3512;125669;1074;117;  Brienz/Brinzauls
18;3513;276226;570;485;  Lantsch/Lenz
18;3514;81903;337;243;  Schmitten (GR)
18;3515;77909;312;250;  Surava
18;3521;175257;337;520;  Bergün/Bravuogn
18;3522;151054;324;466;  Filisur
18;3523;180557;600;301;  Wiesen (GR)
18;3531;114369;561;204;  Bivio
18;3532;106661;539;198;  Cunter
18;3533;366803;7486;49;  Marmorera
18;3534;9007;273;33;  Mulegns
18;3536;118148;361;327;  Riom-Parsonz
18;3538;76276;372;205;  Salouf
18;3539;509005;577;882;  Savognin
18;3540;22040;237;93;  Sur
18;3541;101547;275;369;  Tinizong-Rona
18;3551;449338;374;1202;  Brusio
18;3561;1639865;508;3225;  Poschiavo
18;3571;136016;330;412;  Castrisch
18;3572;482162;957;504;  Falera
18;3573;65003;363;179;  Flond
18;3574;1501603;604;2488;  Ilanz
18;3575;1539915;1339;1150;  Laax
18;3576;63632;595;107;  Ladir
18;3577;88377;483;183;  Luven
18;3578;29120;247;118;  Pitasch
18;3579;13143;185;71;  Riein
18;3580;113247;318;356;  Ruschein
18;3581;376364;630;597;  Sagogn
18;3582;241981;402;602;  Schluein
18;3583;19888;201;99;  Schnaus
18;3584;74776;361;207;  Sevgein
18;3586;48177;164;294;  Valendas
18;3587;84834;333;255;  Versam
18;3592;106234;369;288;  Cumbel
18;3593;9122;114;80;  Duvin
18;3594;83395;338;247;  Degen
18;3595;77758;195;399;  Lumbrein
18;3596;42140;200;211;  Morissen
18;3598;1389;39;36;  St. Martin
18;3599;55226;187;295;  Suraua
18;3600;48495;373;130;  Surcuolm
18;3603;411205;465;885;  Vals
18;3604;37234;208;179;  Vignogn
18;3605;162183;368;441;  Vella
18;3606;60069;241;249;  Vrin
18;3611;33354;144;232;  Andiast
18;3612;454955;584;779;  Obersaxen
18;3613;10086;224;45;  Pigniu
18;3614;115388;251;460;  Rueun
18;3615;137280;726;189;  Siat
18;3616;113802;297;383;  Waltensburg/Vuorz
18;3631;139952;645;217;  Almens
18;3632;39485;306;129;  Feldis/Veulden
18;3633;216494;696;311;  Fürstenau
18;3634;419708;1026;409;  Paspels
18;3635;180992;754;240;  Pratval
18;3636;130364;464;281;  Rodels
18;3637;113666;269;422;  Rothenbrunnen
18;3638;444660;544;817;  Scharans
18;3639;23534;169;139;  Scheid
18;3640;366795;417;880;  Sils im Domleschg
18;3641;12443;180;69;  Trans
18;3642;233116;726;321;  Tumegl/Tomils
18;3651;50691;165;308;  Safien
18;3652;11855;150;79;  Tenna
18;3661;543919;345;1575;  Cazis
18;3662;46113;288;160;  Flerden
18;3663;182455;499;366;  Masein
18;3664;7988;307;26;  Portein
18;3665;63846;359;178;  Präz
18;3666;41017;258;159;  Sarn
18;3667;57979;367;158;  Tartar
18;3668;1378071;507;2717;  Thusis
18;3669;31425;208;151;  Tschappina
18;3670;61376;758;81;  Urmein
18;3681;27638;173;160;  Avers
18;3691;9845;94;105;  Hinterrhein
18;3693;57807;455;127;  Nufenen
18;3694;208533;507;411;  Splügen
18;3695;72722;632;115;  Sufers
18;3701;298789;447;669;  Andeer
18;3703;9087;162;56;  Casti-Wergenstein
18;3704;6432;195;33;  Clugin
18;3705;37282;189;197;  Donat
18;3707;3800;76;50;  Lohn (GR)
18;3708;27855;536;52;  Mathon
18;3710;43956;396;111;  Pignia
18;3711;8372;158;53;  Rongellen
18;3712;168489;511;330;  Zillis-Reischen
18;3713;35653;371;96;  Ferrera
18;3721;1555576;639;2433;  Bonaduz
18;3722;4030115;632;6372;  Domat/Ems
18;3723;537290;447;1201;  Rhäzüns
18;3731;1638931;808;2029;  Felsberg
18;3732;3367289;1321;2549;  Flims
18;3733;851970;730;1167;  Tamins
18;3734;602496;544;1108;  Trin
18;3741;295443;737;401;  Ardez
18;3742;92543;643;144;  Guarda
18;3743;168344;967;174;  Lavin
18;3744;114510;575;199;  Susch
18;3745;148215;452;328;  Tarasp
18;3746;597964;624;959;  Zernez
18;3751;157553;358;440;  Ramosch
18;3752;1243084;1673;743;  Samnaun
18;3753;169555;433;392;  Tschlin
18;3761;271251;526;516;  Ftan
18;3762;1653581;779;2122;  Scuol
18;3763;358705;415;865;  Sent
18;3771;262727;1452;181;  Bondo
18;3773;63732;335;190;  Castasegna
18;3774;134424;782;172;  Soglio
18;3775;763907;1439;531;  Stampa
18;3776;177976;415;429;  Vicosoprano
18;3781;894833;1418;631;  Bever
18;3782;4080227;3016;1353;  Celerina/Schlarigna
18;3783;248143;1379;180;  Madulain
18;3784;3452557;1576;2191;  Pontresina
18;3785;1249123;1893;660;  La Punt-Chamues-ch
18;3786;3401498;1108;3069;  Samedan
18;3787;13262199;2373;5589;  St. Moritz
18;3788;539618;870;620;  S-chanf
18;3789;1292040;1720;751;  Sils im Engadin/Segl
18;3790;2290221;2508;913;  Silvaplana
18;3791;1729729;1278;1353;  Zuoz
18;3801;20820;226;92;  Arvigo
18;3803;5901;95;62;  Braggio
18;3804;25895;235;110;  Buseno
18;3805;66968;303;221;  Castaneda
18;3806;7181;194;37;  Cauco
18;3808;35540;269;132;  Rossa
18;3810;55609;501;111;  Santa Maria in Calanca
18;3811;5664;129;44;  Selma
18;3821;220269;336;656;  Lostallo
18;3822;614486;512;1201;  Mesocco
18;3823;287809;802;359;  Soazza
18;3831;638640;1347;474;  Cama
18;3832;558130;609;916;  Grono
18;3833;30370;239;127;  Leggia
18;3834;1026361;487;2108;  Roveredo (GR)
18;3835;442339;673;657;  San Vittore
18;3836;59843;365;164;  Verdabbio
18;3841;24814;216;115;  Fuldera
18;3842;22557;364;62;  Lü
18;3843;422926;568;745;  Müstair
18;3844;152997;468;327;  Sta. Maria Val Müstair
18;3845;48284;314;154;  Tschierv
18;3846;38050;188;202;  Valchava
18;3851;14968808;1311;11417;  Davos
18;3861;231009;394;586;  Fideris
18;3862;42462;208;204;  Furna
18;3863;482786;427;1130;  Jenaz
18;3871;4703835;1209;3890;  Klosters-Serneus
18;3881;67471;348;194;  Conters im Prättigau
18;3882;348587;420;830;  Küblis
18;3883;390744;533;733;  Saas
18;3891;309702;279;1110;  Luzein
18;3893;88022;252;349;  St. Antönien
18;3901;32991907;1000;32989;  Chur
18;3911;442766;358;1236;  Churwalden
18;3912;484443;731;663;  Malix
18;3913;218235;830;263;  Parpan
18;3914;32794;325;101;  Praden
18;3915;102920;457;225;  Tschiertschen
18;3921;2793777;1008;2771;  Arosa
18;3922;19041;423;45;  Calfreisen
18;3923;14069;118;119;  Castiel
18;3924;110576;365;303;  Langwies
18;3925;15616;211;74;  Lüen
18;3926;165531;327;506;  Maladers
18;3927;35844;264;136;  Molinis
18;3929;49947;218;229;  Peist
18;3931;173041;746;232;  St. Peter-Pagig
18;3941;623262;771;808;  Haldenstein
18;3942;3680173;509;7228;  Igis
18;3943;254070;480;529;  Mastrils
18;3945;2210253;768;2877;  Trimmis
18;3946;1113687;532;2093;  Untervaz
18;3947;2484650;833;2983;  Zizers
18;3951;639099;1195;535;  Fläsch
18;3952;922810;1237;746;  Jenins
18;3953;4165375;1759;2368;  Maienfeld
18;3954;2865185;1502;1908;  Malans
18;3961;677652;560;1210;  Grüsch
18;3962;1083329;411;2637;  Schiers
18;3971;259325;688;377;  Fanas
18;3972;611509;462;1323;  Seewis im Prättigau
18;3973;15529;111;140;  Valzeina
18;3981;490759;413;1187;  Breil/Brigels
18;3982;976789;450;2172;  Disentis/Mustér
18;3983;77515;165;470;  Medel (Lucmagn)
18;3984;18540;202;92;  Schlans
18;3985;362631;276;1313;  Sumvitg
18;3986;799664;524;1525;  Tujetsch
18;3987;372571;282;1322;  Trun
19;4001;19229367;1243;15470;  Aarau
19;4002;1992415;1810;1101;  Biberstein
19;4003;4687908;759;6175;  Buchs (AG)
19;4004;342896;476;721;  Densbüren
19;4005;3431511;1044;3286;  Erlinsbach (AG)
19;4006;4100093;670;6115;  Gränichen
19;4007;1335248;1134;1177;  Hirschthal
19;4008;5982221;1190;5025;  Küttigen
19;4009;2167399;703;3083;  Muhen
19;4010;5589135;829;6740;  Oberentfelden
19;4011;1911521;721;2652;  Rohr (AG)
19;4012;6462918;765;8451;  Suhr
19;4013;3214674;1006;3195;  Unterentfelden
19;4021;26512281;1630;16270;  Baden
19;4022;2322810;1783;1303;  Bellikon
19;4023;4475142;1984;2256;  Bergdietikon
19;4024;2327333;1006;2313;  Birmenstorf (AG)
19;4026;6450671;2137;3019;  Ennetbaden
19;4027;3961017;796;4974;  Fislisbach
19;4028;1015410;1348;753;  Freienwil
19;4029;3626183;867;4182;  Gebenstorf
19;4030;1732145;1258;1377;  Killwangen
19;4031;1123673;756;1486;  Künten
19;4032;1641207;1058;1551;  Mägenwil
19;4033;3320363;783;4239;  Mellingen
19;4034;4335010;569;7613;  Neuenhof
19;4035;3461585;1417;2443;  Niederrohrdorf
19;4037;6411026;1906;3364;  Oberrohrdorf
19;4038;9649015;1276;7561;  Obersiggenthal
19;4039;2923736;1662;1759;  Remetschwil
19;4040;5454911;598;9127;  Spreitenbach
19;4041;1125310;727;1547;  Stetten (AG)
19;4042;2025372;844;2400;  Turgi
19;4044;5663125;924;6128;  Untersiggenthal
19;4045;22221050;1243;17870;  Wettingen
19;4046;1120085;887;1263;  Wohlenschwil
19;4047;3047464;836;3647;  Würenlingen
19;4048;7570877;1580;4793;  Würenlos
19;4049;3343814;1014;3299;  Ehrendingen
19;4061;2915419;2239;1302;  Arni (AG)
19;4062;7050270;1618;4358;  Berikon
19;4063;5962804;1117;5338;  Bremgarten (AG)
19;4064;736107;1122;656;  Büttikon
19;4065;1806616;608;2969;  Dottikon
19;4066;904079;1351;669;  Eggenwil
19;4067;1068451;852;1254;  Fischbach-Göslikon
19;4068;1766928;888;1990;  Hägglingen
19;4069;880012;810;1087;  Hermetschwil-Staffeln
19;4070;236676;1057;224;  Hilfikon
19;4071;2500562;1594;1569;  Jonen
19;4072;1880779;761;2471;  Niederwil (AG)
19;4073;3421792;2371;1443;  Oberlunkhofen
19;4074;6273310;3628;1729;  Oberwil-Lieli
19;4075;4494763;1202;3738;  Rudolfstetten-Friedlisberg
19;4076;2010585;937;2146;  Sarmenstorf
19;4077;854282;716;1193;  Tägerig
19;4078;310170;859;361;  Uezwil
19;4079;1427786;1164;1227;  Unterlunkhofen
19;4080;3536383;696;5079;  Villmergen
19;4081;6831384;1879;3636;  Widen
19;4082;9619638;722;13329;  Wohlen (AG)
19;4083;4437623;1272;3488;  Zufikon
19;4084;578163;1428;405;  Islisberg
19;4091;2070827;1524;1359;  Auenstein
19;4092;2219456;629;3529;  Birr
19;4093;568056;834;681;  Birrhard
19;4094;309605;471;657;  Bözen
19;4095;8689498;950;9143;  Brugg
19;4096;419611;664;632;  Effingen
19;4097;171220;713;240;  Elfingen
19;4098;108357;896;121;  Gallenkirch
19;4099;665609;1809;368;  Habsburg
19;4100;2838706;1091;2603;  Hausen (AG)
19;4101;110445;451;245;  Hottwil
19;4103;139116;1242;112;  Linn
19;4104;1823803;1003;1819;  Lupfig
19;4105;138305;442;313;  Mandach
19;4106;239911;603;398;  Mönthal
19;4107;518453;665;780;  Mülligen
19;4108;383890;719;534;  Oberbözberg
19;4109;332253;710;468;  Oberflachs
19;4110;824597;784;1052;  Remigen
19;4111;1159426;847;1369;  Riniken
19;4112;605025;832;727;  Rüfenach
19;4113;506433;881;575;  Scherz
19;4114;1007089;801;1258;  Schinznach-Bad
19;4115;1667013;1018;1637;  Schinznach-Dorf
19;4117;504237;678;744;  Thalheim (AG)
19;4118;837656;838;999;  Umiken
19;4119;607588;811;749;  Unterbözberg
19;4120;1024159;760;1348;  Veltheim (AG)
19;4121;1489204;833;1787;  Villigen
19;4122;998510;818;1221;  Villnachern
19;4123;4136564;622;6650;  Windisch
19;4131;2671466;1035;2581;  Beinwil am See
19;4132;894027;931;960;  Birrwil
19;4133;453944;458;991;  Burg (AG)
19;4134;869168;780;1115;  Dürrenäsch
19;4135;1122695;546;2055;  Gontenschwil
19;4136;699728;591;1184;  Holziken
19;4137;285140;697;409;  Leimbach (AG)
19;4138;431012;651;662;  Leutwil
19;4139;2491667;452;5511;  Menziken
19;4140;1363098;605;2252;  Oberkulm
19;4141;3886229;535;7258;  Reinach (AG)
19;4142;381551;423;903;  Schlossrued
19;4143;337824;277;1219;  Schmiedrued
19;4144;2602693;796;3271;  Schöftland
19;4145;692125;433;1598;  Teufenthal (AG)
19;4146;1508580;561;2690;  Unterkulm
19;4147;740017;594;1245;  Zetzwil
19;4161;1338961;765;1750;  Eiken
19;4162;262116;749;350;  Etzgen
19;4163;3822474;949;4028;  Frick
19;4164;561655;606;927;  Gansingen
19;4165;3885018;1384;2808;  Gipf-Oberfrick
19;4166;980120;926;1059;  Herznach
19;4167;349279;428;816;  Hornussen
19;4168;184833;833;222;  Ittenthal
19;4169;1633578;795;2054;  Kaisten
19;4170;1830370;873;2096;  Laufenburg
19;4171;190070;631;301;  Mettau
19;4172;764955;1303;587;  Münchwilen (AG)
19;4173;244069;492;496;  Oberhof
19;4174;120015;391;307;  Oberhofen (AG)
19;4175;502938;630;798;  Oeschgen
19;4176;331946;507;655;  Schwaderloch
19;4177;1259707;1001;1259;  Sisseln
19;4178;577636;515;1122;  Sulz (AG)
19;4179;555322;808;687;  Ueken
19;4180;256941;386;666;  Wil (AG)
19;4181;622311;550;1131;  Wittnau
19;4182;409633;522;784;  Wölflinswil
19;4183;580810;673;863;  Zeihen
19;4191;687133;1128;609;  Ammerswil
19;4192;1293215;983;1316;  Boniswil
19;4193;533616;1145;466;  Brunegg
19;4194;1259150;963;1307;  Dintikon
19;4195;1036569;857;1210;  Egliswil
19;4196;1211916;733;1653;  Fahrwangen
19;4197;356877;495;721;  Hallwil
19;4198;478028;534;896;  Hendschiken
19;4199;551175;686;804;  Holderbank (AG)
19;4200;1896753;737;2575;  Hunzenschwil
19;4201;9740308;1287;7568;  Lenzburg
19;4202;3728216;1814;2055;  Meisterschwanden
19;4203;4418663;1295;3413;  Möriken-Wildegg
19;4204;2482438;645;3846;  Niederlenz
19;4205;1427207;674;2117;  Othmarsingen
19;4206;3190539;846;3770;  Rupperswil
19;4207;1673365;665;2518;  Schafisheim
19;4208;4667309;1848;2526;  Seengen
19;4209;3010589;625;4815;  Seon
19;4210;2546512;1151;2213;  Staufen
19;4221;416822;618;674;  Abtwil
19;4222;1069310;893;1197;  Aristau
19;4223;1072664;866;1239;  Auw
19;4224;926807;984;942;  Beinwil (Freiamt)
19;4225;261639;505;518;  Benzenschwil
19;4226;356524;719;496;  Besenbüren
19;4227;393123;683;576;  Bettwil
19;4228;1439349;624;2308;  Boswil
19;4229;566931;655;865;  Bünzen
19;4230;930091;842;1105;  Buttwil
19;4231;855149;836;1023;  Dietwil
19;4232;286208;2089;137;  Geltwil
19;4233;336656;1275;264;  Kallern
19;4234;1977823;911;2171;  Merenschwand
19;4235;580421;592;980;  Mühlau
19;4236;5015910;766;6545;  Muri (AG)
19;4237;839582;765;1097;  Oberrüti
19;4238;605683;751;806;  Rottenschwil
19;4239;3011689;918;3282;  Sins
19;4240;1806726;890;2029;  Waltenschwil
19;4251;315391;422;747;  Hellikon
19;4252;5354761;1367;3917;  Kaiseraugst
19;4253;4749812;1561;3043;  Magden
19;4254;7032558;848;8297;  Möhlin
19;4255;760651;702;1084;  Mumpf
19;4256;664846;678;980;  Obermumpf
19;4257;543307;1449;375;  Olsberg
19;4258;11948205;1119;10673;  Rheinfelden
19;4259;502117;737;681;  Schupfart
19;4260;2574743;1067;2414;  Stein (AG)
19;4261;2184387;1431;1526;  Wallbach
19;4262;715180;719;994;  Wegenstetten
19;4263;2629490;1463;1797;  Zeiningen
19;4264;824680;1131;729;  Zuzgen
19;4271;3103379;496;6263;  Aarburg
19;4272;142100;469;303;  Attelwil
19;4273;498364;624;799;  Bottenwil
19;4274;2335770;687;3400;  Brittnau
19;4275;466821;666;701;  Kirchleerau
19;4276;2310823;591;3910;  Kölliken
19;4277;440462;552;798;  Moosleerau
19;4279;1699117;620;2741;  Murgenthal
19;4280;6423104;623;10305;  Oftringen
19;4281;639647;560;1143;  Reitnau
19;4282;5272365;768;6869;  Rothrist
19;4283;1464665;468;3128;  Safenwil
19;4284;528803;541;978;  Staffelbach
19;4285;2391691;561;4266;  Strengelbach
19;4286;579135;457;1268;  Uerkheim
19;4287;975617;545;1789;  Vordemwald
19;4288;50418;334;151;  Wiliberg
19;4289;12194243;1293;9432;  Zofingen
19;4301;188376;757;249;  Baldingen
19;4302;86745;474;183;  Böbikon
19;4303;2558944;701;3648;  Böttstein
19;4304;2316270;715;3241;  Döttingen
19;4305;1517086;859;1766;  Endingen
19;4306;204258;566;361;  Fisibach
19;4307;476892;592;806;  Full-Reuenthal
19;4308;314748;725;434;  Kaiserstuhl
19;4309;2304919;851;2710;  Klingnau
19;4310;684483;425;1611;  Koblenz
19;4311;932713;719;1298;  Leibstadt
19;4312;2144993;938;2287;  Lengnau (AG)
19;4313;1166500;532;2192;  Leuggern
19;4314;113344;441;257;  Mellikon
19;4315;466017;467;998;  Rekingen (AG)
19;4316;298728;529;565;  Rietheim
19;4317;81658;360;227;  Rümikon
19;4318;1105342;897;1232;  Schneisingen
19;4319;387905;747;519;  Siglistorf
19;4320;795350;824;965;  Tegerfelden
19;4321;318239;858;371;  Unterendingen
19;4322;214304;623;344;  Wislikofen
19;4323;5057419;1297;3899;  Bad Zurzach
20;4401;7391531;573;12906;  Arbon
20;4406;248107;504;492;  Dozwil
20;4411;2974474;716;4153;  Egnach
20;4416;572833;517;1108;  Hefenhofen
20;4421;2836010;1171;2421;  Horn
20;4426;851950;1002;850;  Kesswil
20;4431;2619284;1064;2462;  Roggwil (TG)
20;4436;5834169;643;9076;  Romanshorn
20;4441;806829;608;1326;  Salmsach
20;4446;186097;350;531;  Sommeri
20;4451;1834422;1275;1439;  Uttwil
20;4461;5823248;513;11357;  Amriswil
20;4471;2789016;514;5421;  Bischofszell
20;4476;1507455;491;3068;  Erlen
20;4486;963048;503;1914;  Hauptwil-Gottshaus
20;4495;362339;618;586;  Hohentannen
20;4501;1638051;535;3062;  Kradolf-Schönenberg
20;4506;2071186;605;3422;  Sulgen
20;4511;1940210;999;1942;  Zihlschlacht-Sitterdorf
20;4536;1013967;664;1527;  Basadingen-Schlattingen
20;4545;2474423;767;3227;  Diessenhofen
20;4546;991165;667;1485;  Schlatt (TG)
20;4551;5682203;778;7301;  Aadorf
20;4561;1576420;735;2145;  Felben-Wellhausen
20;4566;24333959;1108;21954;  Frauenfeld
20;4571;3012859;1037;2906;  Gachnang
20;4590;465386;555;839;  Hüttlingen
20;4591;1346056;579;2324;  Matzingen
20;4601;1054421;1139;926;  Neunforn
20;4606;1485965;1530;971;  Stettfurt
20;4611;842541;708;1190;  Thundorf
20;4616;812786;781;1041;  Uesslingen-Buch
20;4621;2993122;2646;1131;  Warth-Weiningen
20;4641;1742324;966;1804;  Altnau
20;4643;6778380;4025;1684;  Bottighofen
20;4646;5005060;2062;2427;  Ermatingen
20;4651;617568;2031;304;  Gottlieben
20;4656;935638;715;1308;  Güttingen
20;4666;1718654;785;2189;  Kemmental
20;4671;15267760;892;17118;  Kreuzlingen
20;4681;445275;433;1028;  Langrickenbach
20;4683;771852;629;1227;  Lengwil
20;4691;2968406;1142;2599;  Münsterlingen
20;4696;3415257;1043;3273;  Tägerwilen
20;4701;418433;431;970;  Wäldi
20;4711;1228275;575;2135;  Affeltrangen
20;4716;941876;927;1016;  Bettwiesen
20;4721;1482629;651;2277;  Bichelsee-Balterswil
20;4723;348599;527;661;  Braunau
20;4724;3424085;1093;3133;  Eschlikon
20;4726;1487980;571;2605;  Fischingen
20;4741;1077233;1120;962;  Lommis
20;4746;3473028;763;4553;  Münchwilen (TG)
20;4751;1512292;623;2426;  Rickenbach (TG)
20;4756;281410;385;731;  Schönholzerswilen
20;4761;5171088;813;6359;  Sirnach
20;4776;777777;608;1280;  Tobel-Tägerschen
20;4781;2931036;738;3969;  Wängi
20;4786;1335838;759;1760;  Wilen (TG)
20;4791;590050;589;1001;  Wuppenau
20;4801;1022149;1197;854;  Berlingen
20;4806;825383;546;1513;  Eschenz
20;4811;531102;556;955;  Herdern
20;4816;1156554;808;1432;  Homburg
20;4821;1561009;1117;1398;  Hüttwilen
20;4826;990809;1859;533;  Mammern
20;4831;1511204;630;2398;  Müllheim
20;4841;1661537;921;1804;  Pfyn
20;4846;220071;517;426;  Raperswilen
20;4851;3194278;2883;1108;  Salenstein
20;4864;3313970;998;3320;  Steckborn
20;4871;904030;590;1533;  Wagenhausen
20;4881;611315;510;1199;  Amlikon-Bissegg
20;4891;2313004;804;2876;  Berg (TG)
20;4901;501375;412;1216;  Birwinken
20;4911;1599980;500;3197;  Bürglen (TG)
20;4921;1075656;516;2085;  Bussnang
20;4941;2070988;927;2234;  Märstetten
20;4946;8529956;902;9456;  Weinfelden
20;4951;1154627;567;2036;  Wigoltingen
21;5001;2639736;708;3729;  Arbedo-Castione
21;5002;12315175;748;16463;  Bellinzona
21;5003;835498;448;1863;  Cadenazzo
21;5004;1948385;882;2210;  Camorino
21;5005;4812347;649;7418;  Giubiasco
21;5006;355071;691;514;  Gnosca
21;5007;398028;641;621;  Gorduno
21;5008;671650;989;679;  Gudo
21;5009;108914;309;353;  Isone
21;5010;792925;704;1127;  Lumino
21;5011;159062;482;330;  Medeglia
21;5012;35624;339;105;  Moleno
21;5013;1478226;693;2133;  Monte Carasso
21;5014;277177;567;489;  Pianezzo
21;5015;244807;506;484;  Preonzo
21;5017;1172467;568;2066;  Sant'Antonino
21;5018;59768;356;168;  Sant'Antonio
21;5019;2417601;914;2646;  Sementina
21;5040;138258;475;291;  Ludiano
21;5041;455363;389;1172;  Malvaglia
21;5046;129485;405;320;  Semione
21;5048;659794;371;1778;  Acquarossa
21;5049;611564;354;1726;  Blenio
21;5061;842146;529;1593;  Airolo
21;5062;52424;535;98;  Anzonico
21;5063;130262;1809;72;  Bedretto
21;5064;524057;495;1058;  Bodio
21;5066;14858;371;40;  Calpiogna
21;5067;19010;422;45;  Campello
21;5068;25492;307;83;  Cavagnago
21;5070;115619;287;403;  Chironico
21;5071;240757;1524;158;  Dalpe
21;5072;827724;409;2023;  Faido
21;5073;254495;288;885;  Giornico
21;5074;250284;920;272;  Mairengo
21;5075;103383;615;168;  Osco
21;5076;129206;366;353;  Personico
21;5077;300626;416;723;  Pollegio
21;5078;357501;901;397;  Prato (Leventina)
21;5079;814475;771;1057;  Quinto
21;5081;40861;552;74;  Sobrio
21;5091;10069628;2020;4984;  Ascona
21;5094;48404;338;143;  Borgnone
21;5095;101601;500;203;  Brione (Verzasca)
21;5096;1341430;2772;484;  Brione sopra Minusio
21;5097;2681923;1463;1833;  Brissago
21;5098;63487;572;111;  Caviano
21;5099;488171;756;646;  Cavigliano
21;5101;308092;438;703;  Contone
21;5102;96971;4408;22;  Corippo
21;5104;1292981;1154;1120;  Cugnasco
21;5105;24967;250;100;  Frasco
21;5106;218382;860;254;  Gerra (Gambarogno)
21;5107;788413;718;1098;  Gerra (Verzasca)
21;5108;2484358;641;3878;  Gordola
21;5109;7931;227;35;  Gresso
21;5110;7044;181;39;  Indemini
21;5111;406858;445;915;  Intragna
21;5112;555782;506;1098;  Lavertezzo
21;5113;10101663;694;14561;  Locarno
21;5115;5029988;852;5907;  Losone
21;5116;793484;529;1499;  Magadino
21;5117;57932;320;181;  Mergoscia
21;5118;8271749;1287;6428;  Minusio
21;5119;10994;193;57;  Mosogno
21;5120;6628550;2477;2676;  Muralto
21;5121;1156880;1336;866;  Orselina
21;5122;53116;577;92;  Palagnedra
21;5123;222579;615;362;  Piazzogna
21;5125;1919979;2913;659;  Ronco sopra Ascona
21;5127;549409;857;641;  San Nazzaro
21;5128;82978;675;123;  Sant'Abbondio
21;5129;21072;245;86;  Sonogno
21;5130;1075616;1627;661;  Tegna
21;5131;1531749;667;2295;  Tenero-Contra
21;5132;16239;250;65;  Vergeletto
21;5133;862883;973;887;  Verscio
21;5134;529047;859;616;  Vira (Gambarogno)
21;5135;79638;262;304;  Vogorno
21;5136;98040;304;322;  Onsernone
21;5137;63380;170;373;  Isorno
21;5141;3268580;894;3655;  Agno
21;5143;343525;1287;267;  Aranno
21;5144;590033;609;969;  Arogno
21;5146;204500;705;290;  Astano
21;5147;2316707;1486;1559;  Barbengo
21;5148;980088;819;1196;  Bedano
21;5149;287208;532;540;  Bedigliora
21;5150;207901;702;296;  Bidogno
21;5151;3745854;1817;2061;  Bioggio
21;5153;254626;497;512;  Bironico
21;5154;2108661;2966;711;  Bissone
21;5155;38152;410;93;  Bogno
21;5160;381309;840;454;  Brusino Arsizio
21;5161;1026838;1723;596;  Cademario
21;5162;1609891;1222;1317;  Cadempino
21;5163;2824379;1572;1797;  Cadro
21;5165;299534;503;596;  Camignolo
21;5167;1836128;1006;1825;  Canobbio
21;5168;1646065;3215;512;  Carabbia
21;5169;435461;4355;100;  Carabietta
21;5170;1593014;2339;681;  Carona
21;5171;2628664;752;3495;  Caslano
21;5173;11365;175;65;  Certara
21;5174;24816;248;100;  Cimadera
21;5176;4967195;3116;1594;  Comano
21;5177;52189;378;138;  Corticiasca
21;5178;812408;939;865;  Croglio
21;5180;3878690;3182;1219;  Cureglia
21;5181;375461;721;521;  Curio
21;5186;261044;713;366;  Grancia
21;5187;1198587;1173;1022;  Gravesano
21;5188;59211;858;69;  Iseo
21;5189;708587;453;1564;  Lamone
21;5191;745637;1070;697;  Lugaggia
21;5192;86773336;1796;48319;  Lugano
21;5193;1639324;1206;1359;  Magliaso
21;5194;2050825;1963;1045;  Manno
21;5195;1079228;1920;562;  Maroggia
21;5196;8628686;1552;5558;  Massagno
21;5197;1119842;1016;1102;  Melano
21;5198;1722111;1147;1501;  Melide
21;5199;984413;1049;938;  Mezzovico-Vira
21;5200;92271;429;215;  Miglieglia
21;5202;594890;759;784;  Monteggio
21;5203;2629798;3488;754;  Morcote
21;5205;1803447;2450;736;  Muzzano
21;5206;655323;1862;352;  Neggio
21;5207;451740;631;716;  Novaggio
21;5208;2601991;2247;1158;  Origlio
21;5210;6219851;1684;3694;  Paradiso
21;5212;2576165;1743;1478;  Ponte Capriasca
21;5213;727325;946;769;  Ponte Tresa
21;5214;4892270;3629;1348;  Porza
21;5216;1264906;1216;1040;  Pura
21;5217;742654;525;1415;  Rivera
21;5219;940089;1397;673;  Rovio
21;5221;3801929;1845;2061;  Savosa
21;5222;323659;536;604;  Sessa
21;5223;288743;740;390;  Sigirino
21;5224;2420280;1513;1600;  Sonvico
21;5225;4242196;2725;1557;  Sorengo
21;5226;3844009;903;4259;  Capriasca
21;5227;1607568;595;2704;  Torricella-Taverne
21;5229;178984;321;558;  Valcolla
21;5230;1271308;3502;363;  Vernate
21;5231;2321526;1474;1575;  Vezia
21;5233;1605416;6422;250;  Vico Morcote
21;5235;767007;1642;467;  Villa Luganese
21;5236;15323012;4010;3821;  Collina d'Oro
21;5237;1008596;905;1114;  Alto Malcantone
21;5241;1138141;1127;1010;  Arzo
21;5242;2364169;692;3415;  Balerna
21;5243;1198234;2392;501;  Besazio
21;5244;123092;673;183;  Bruzella
21;5245;67011;387;173;  Cabbio
21;5246;229157;668;343;  Caneggio
21;5247;516717;682;758;  Capolago
21;5249;3001506;1596;1881;  Castel San Pietro
21;5250;5031875;652;7720;  Chiasso
21;5251;2325774;916;2538;  Coldrerio
21;5252;696380;842;827;  Genestrerio
21;5253;1356680;964;1408;  Ligornetto
21;5254;11361573;1713;6633;  Mendrisio
21;5255;324797;1109;293;  Meride
21;5257;4037643;984;4105;  Morbio Inferiore
21;5258;762520;1089;700;  Morbio Superiore
21;5259;242257;1176;206;  Muggio
21;5260;2778359;1173;2369;  Novazzano
21;5262;1333907;986;1353;  Rancate
21;5263;1735063;757;2292;  Riva San Vitale
21;5264;293623;1234;238;  Sagno
21;5266;3057040;843;3627;  Stabio
21;5267;715396;1820;393;  Tremona
21;5268;3602787;1306;2758;  Vacallo
21;5281;2058054;355;5795;  Biasca
21;5282;1327692;615;2159;  Claro
21;5283;148349;253;587;  Cresciano
21;5284;227074;462;491;  Iragna
21;5285;868687;595;1461;  Lodrino
21;5286;343978;366;941;  Osogna
21;5302;268029;544;493;  Avegno
21;5304;47408;668;71;  Bosco/Gurin
21;5307;5782;100;58;  Campo (Vallemaggia)
21;5309;16093;277;58;  Cerentino
21;5310;397610;313;1271;  Cevio
21;5314;265077;332;798;  Gordevio
21;5315;25327;791;32;  Linescio
21;5317;884675;388;2281;  Maggia
21;5323;190451;359;531;  Lavizzara
22;5401;4374336;550;7955;  Aigle
22;5402;3207043;537;5973;  Bex
22;5403;165694;528;314;  Chessel
22;5404;201009;579;347;  Corbeyrier
22;5405;1560639;1572;993;  Gryon
22;5406;313583;402;781;  Lavey-Morcles
22;5407;1467458;489;2998;  Leysin
22;5408;583924;903;647;  Noville
22;5409;9950238;1590;6257;  Ollon
22;5410;487621;454;1075;  Ormont-Dessous
22;5411;1456645;1114;1307;  Ormont-Dessus
22;5412;310030;549;565;  Rennaz
22;5413;369506;413;894;  Roche (VD)
22;5414;2880874;689;4180;  Villeneuve (VD)
22;5415;736180;765;962;  Yvorne
22;5421;1679707;1449;1159;  Apples
22;5422;5647646;2198;2570;  Aubonne
22;5423;238008;696;342;  Ballens
22;5424;196068;925;212;  Berolle
22;5425;773004;571;1353;  Bière
22;5426;2276807;6154;370;  Bougy-Villars
22;5427;3461979;5478;632;  Féchy
22;5428;1194461;824;1449;  Gimel
22;5429;340815;991;344;  Longirod
22;5430;441469;1269;348;  Marchissy
22;5431;161283;593;272;  Mollens (VD)
22;5432;723721;1649;439;  Montherod
22;5433;234897;3614;65;  Pizy
22;5434;1091050;1765;618;  Saint-George
22;5435;558249;1038;538;  Saint-Livres
22;5436;359506;1517;237;  Saint-Oyens
22;5437;291829;1474;198;  Saubraz
22;5451;1421111;532;2671;  Avenches
22;5452;799819;1515;528;  Bellerive (VD)
22;5453;161992;818;198;  Chabrey
22;5455;199943;714;280;  Constantine
22;5456;985410;1124;877;  Cudrefin
22;5458;853727;1527;559;  Faoug
22;5459;92375;592;156;  Montmagny
22;5460;170353;985;173;  Mur (VD)
22;5461;180546;810;223;  Oleyres
22;5462;524575;1547;339;  Vallamand
22;5463;133965;462;290;  Villars-le-Grand
22;5471;415302;1258;330;  Bettens
22;5472;442042;1761;251;  Bournens
22;5473;717271;965;743;  Boussens
22;5474;293797;835;352;  La Chaux (Cossonay)
22;5475;86646;693;125;  Chavannes-le-Veyron
22;5476;195885;928;211;  Chevilly
22;5477;2623385;1026;2558;  Cossonay
22;5478;452876;1320;343;  Cottens (VD)
22;5479;281549;713;395;  Cuarnens
22;5480;1062874;1777;598;  Daillens
22;5481;229034;1347;170;  Dizy
22;5482;897786;993;904;  Eclépens
22;5483;302792;1364;222;  Ferreyres
22;5484;498031;881;565;  Gollion
22;5485;620293;1891;328;  Grancy
22;5486;705318;822;858;  L'Isle
22;5487;215912;660;327;  Lussery-Villars
22;5488;33812;704;48;  Mauraz
22;5489;1579754;2888;547;  Mex (VD)
22;5490;145453;720;202;  Moiry
22;5491;243283;742;328;  Mont-la-Ville
22;5492;7330431;10532;696;  Montricher
22;5493;206453;618;334;  Orny
22;5494;900482;1088;828;  Pampigny
22;5495;1722362;754;2283;  Penthalaz
22;5496;1258151;978;1287;  Penthaz
22;5497;369245;485;761;  Pompaples
22;5498;1306069;756;1728;  La Sarraz
22;5499;697831;2000;349;  Senarclens
22;5500;268677;1392;193;  Sévery
22;5501;992581;1221;813;  Sullens
22;5503;2041515;2044;999;  Vufflens-la-Ville
22;5511;828793;1076;770;  Assens
22;5512;1001136;1140;878;  Bercher
22;5513;233067;809;288;  Bioley-Orjulaz
22;5514;948940;1035;917;  Bottens
22;5515;643541;1143;563;  Bretigny-sur-Morrens
22;5516;2782070;1397;1992;  Cugy (VD)
22;5517;150723;625;241;  Dommartin
22;5518;3889406;909;4281;  Echallens
22;5519;127786;1540;83;  Eclagnens
22;5520;625222;943;663;  Essertines-sur-Yverdon
22;5521;749075;936;800;  Etagnières
22;5522;349724;829;422;  Fey
22;5523;1657322;1141;1453;  Froideville
22;5524;595163;974;611;  Goumoens-la-Ville
22;5525;13155;387;34;  Goumoens-le-Jux
22;5526;30610;502;61;  Malapalud
22;5527;1431484;1612;888;  Morrens (VD)
22;5528;76493;841;91;  Naz
22;5529;405098;949;427;  Oulens-sous-Echallens
22;5530;316164;813;389;  Pailly
22;5531;318262;931;342;  Penthéréaz
22;5532;594047;1125;528;  Poliez-le-Grand
22;5533;441687;813;543;  Poliez-Pittet
22;5534;157414;807;195;  Rueyres
22;5535;412863;656;629;  Saint-Barthélemy (VD)
22;5536;275014;1180;233;  Sugnens
22;5537;406844;639;637;  Villars-le-Terroir
22;5538;441972;1289;343;  Villars-Tiercelin
22;5539;309503;548;565;  Vuarrens
22;5551;343369;998;344;  Bonvillars
22;5552;323663;620;522;  Bullet
22;5553;565314;866;653;  Champagne
22;5554;483897;707;684;  Concise
22;5555;148582;534;278;  Corcelles-près-Concise
22;5556;312920;907;345;  Fiez
22;5557;345501;2617;132;  Fontaines-sur-Grandson
22;5558;15848;226;70;  Fontanezier
22;5559;516892;1485;348;  Giez
22;5560;157686;1095;144;  Grandevent
22;5561;3130289;1135;2759;  Grandson
22;5562;88420;1040;85;  Mauborget
22;5563;50435;446;113;  Mutrux
22;5564;62883;635;99;  Novalles
22;5565;424478;1069;397;  Onnens (VD)
22;5566;117413;319;368;  Provence
22;5567;9319;252;37;  Romairon
22;5568;1612813;372;4333;  Sainte-Croix
22;5569;6347;167;38;  Vaugondry
22;5570;375038;744;504;  Villars-Burquin
22;5581;6647133;2819;2358;  Belmont-sur-Lausanne
22;5582;4203802;1430;2939;  Cheseaux-sur-Lausanne
22;5583;5290954;804;6577;  Crissier
22;5584;17539942;2334;7516;  Epalinges
22;5585;5922531;5173;1145;  Jouxtens-Mézery
22;5586;117921025;944;124914;  Lausanne
22;5587;11007698;2124;5182;  Le Mont-sur-Lausanne
22;5588;4794568;3417;1403;  Paudex
22;5589;7723556;705;10955;  Prilly
22;5590;50591067;3155;16034;  Pully
22;5591;8925333;485;18406;  Renens (VD)
22;5592;2624906;856;3068;  Romanel-sur-Lausanne
22;5601;3215371;1575;2041;  Chexbres
22;5602;3731431;2075;1798;  Cully
22;5603;461083;1497;308;  Epesses
22;5604;1782660;1046;1704;  Forel (Lavaux)
22;5605;5644517;2914;1937;  Grandvaux
22;5606;32370491;3914;8270;  Lutry
22;5607;2608426;1115;2339;  Puidoux
22;5608;490726;1636;300;  Riex
22;5609;843038;2659;317;  Rivaz
22;5610;661124;1900;348;  Saint-Saphorin (Lavaux)
22;5611;4425010;1435;3084;  Savigny
22;5612;2007566;3560;564;  Villette (Lavaux)
22;5621;405137;1116;363;  Aclens
22;5622;1126669;3130;360;  Bremblens
22;5623;3082413;5103;604;  Buchillon
22;5624;6139161;819;7498;  Bussigny-près-Lausanne
22;5625;498107;1478;337;  Bussy-Chardonney
22;5627;2723339;449;6063;  Chavannes-près-Renens
22;5628;805551;3122;258;  Chigny
22;5629;162176;1142;142;  Clarmont
22;5630;623896;1368;456;  Colombier (VD)
22;5631;1785916;3074;581;  Denens
22;5632;1364051;1230;1109;  Denges
22;5633;6063659;2908;2085;  Echandens
22;5634;4035632;3606;1119;  Echichens
22;5635;9305087;910;10227;  Ecublens (VD)
22;5636;3672806;1605;2289;  Etoy
22;5637;732844;1045;701;  Lavigny
22;5638;6551361;3448;1900;  Lonay
22;5639;2099950;3167;663;  Lully (VD)
22;5640;5614519;9714;578;  Lussy-sur-Morges
22;5641;662922;2376;279;  Monnaz
22;5642;15985860;1129;14154;  Morges
22;5643;8133246;1994;4078;  Préverenges
22;5644;701398;2172;323;  Reverolle
22;5645;702276;1592;441;  Romanel-sur-Morges
22;5646;9131478;2169;4210;  Saint-Prex
22;5647;899198;2360;381;  Saint-Saphorin-sur-Morges
22;5648;10832971;3718;2914;  Saint-Sulpice (VD)
22;5649;2136554;1298;1646;  Tolochenaz
22;5650;4559494;28858;158;  Vaux-sur-Morges
22;5651;1155259;1919;602;  Villars-Sainte-Croix
22;5652;933814;1668;560;  Villars-sous-Yens
22;5653;2693672;4269;631;  Vufflens-le-Château
22;5654;576663;1434;402;  Vullierens
22;5655;1983595;2056;965;  Yens
22;5661;212707;1008;211;  Boulens
22;5662;99137;608;163;  Brenles
22;5663;116029;624;186;  Bussy-sur-Moudon
22;5664;163914;514;319;  Chapelle-sur-Moudon
22;5665;148306;753;197;  Chavannes-sur-Moudon
22;5666;57493;362;159;  Chesalles-sur-Moudon
22;5667;51673;470;110;  Correvon
22;5668;20984;411;51;  Cremin
22;5669;178151;643;277;  Curtilles
22;5670;83324;683;122;  Denezy
22;5671;85402;347;246;  Dompierre (VD)
22;5672;74375;543;137;  Forel-sur-Lucens
22;5673;151797;534;284;  Hermenches
22;5674;45912;304;151;  Lovatens
22;5675;879619;396;2221;  Lucens
22;5676;23078;325;71;  Martherenges
22;5677;70802;957;74;  Montaubion-Chardonney
22;5678;1814062;415;4371;  Moudon
22;5679;57842;482;120;  Neyruz-sur-Moudon
22;5680;137806;607;227;  Ogens
22;5681;27547;530;52;  Oulens-sur-Lucens
22;5682;94091;658;143;  Peyres-Possens
22;5683;29620;260;114;  Prévonloup
22;5684;173587;3404;51;  Rossenges
22;5685;269285;655;411;  Saint-Cierges
22;5686;26413;440;60;  Sarzens
22;5687;156809;747;210;  Sottens
22;5688;122141;1044;117;  Syens
22;5689;301310;520;579;  Thierrens
22;5690;43873;360;122;  Villars-le-Comte
22;5691;85786;452;190;  Villars-Mendraz
22;5692;406334;915;444;  Vucherens
22;5701;452869;3330;136;  Arnex-sur-Nyon
22;5702;4903506;2708;1811;  Arzier
22;5703;1652847;1987;832;  Bassins
22;5704;4281945;3207;1335;  Begnins
22;5705;2733566;3227;847;  Bogis-Bossey
22;5706;2899230;3352;865;  Borex
22;5707;2439233;2328;1048;  Chavannes-de-Bogis
22;5708;1340841;2980;450;  Chavannes-des-Bois
22;5709;4079091;3911;1043;  Chéserex
22;5710;887373;2411;368;  Coinsins
22;5711;10990178;4222;2603;  Commugny
22;5712;15470947;6555;2360;  Coppet
22;5713;11060631;5635;1963;  Crans-près-Céligny
22;5714;2618155;3405;769;  Crassier
22;5715;3281525;3642;901;  Duillier
22;5716;1820845;2191;831;  Eysins
22;5717;15316477;5784;2648;  Founex
22;5718;6049432;4049;1494;  Genolier
22;5719;4892136;4718;1037;  Gingins
22;5720;3480037;4228;823;  Givrins
22;5721;16004493;1656;9663;  Gland
22;5722;724717;2293;316;  Grens
22;5723;9936600;6629;1499;  Mies
22;5724;32646817;2017;16182;  Nyon
22;5725;13293643;4243;3133;  Prangins
22;5726;4490069;4446;1010;  La Rippe
22;5727;3467149;2166;1601;  Saint-Cergue
22;5728;1147571;2942;390;  Signy-Avenex
22;5729;8668496;7065;1227;  Tannay
22;5730;4560562;4098;1113;  Trélex
22;5731;1699152;1804;942;  Le Vaud
22;5732;1873512;2552;734;  Vich
22;5741;155303;661;235;  L'Abergement
22;5742;168290;751;224;  Agiez
22;5743;316905;598;530;  Arnex-sur-Orbe
22;5744;557953;641;871;  Ballaigues
22;5745;584632;603;970;  Baulmes
22;5746;414988;571;727;  Bavois
22;5747;125304;798;157;  Bofflens
22;5748;80692;403;200;  Bretonnières
22;5749;1894789;680;2785;  Chavornay
22;5750;113663;738;154;  Les Clées
22;5751;184372;604;305;  Corcelles-sur-Chavornay
22;5752;134767;505;267;  Croy
22;5754;162372;685;237;  Juriens
22;5755;214823;643;334;  Lignerolle
22;5756;689636;1707;404;  Montcherand
22;5757;2901946;565;5139;  Orbe
22;5758;187452;1602;117;  La Praz
22;5759;114945;553;208;  Premier
22;5760;220687;527;419;  Rances
22;5761;209072;481;435;  Romainmôtier-Envy
22;5762;55138;511;108;  Sergey
22;5763;264803;533;497;  Valeyres-sous-Rances
22;5764;1475707;454;3247;  Vallorbe
22;5765;194674;445;437;  Vaulion
22;5766;248332;596;417;  Vuiteboeuf
22;5781;90729;1354;67;  Bussigny-sur-Oron
22;5782;510611;655;780;  Carrouge (VD)
22;5783;255368;700;365;  Châtillens
22;5784;239053;1615;148;  Chesalles-sur-Oron
22;5785;490196;1190;412;  Corcelles-le-Jorat
22;5786;1024263;1631;628;  Les Cullayes
22;5787;252330;762;331;  Ecoteaux
22;5788;218526;844;259;  Essertes
22;5789;187358;707;265;  Ferlens (VD)
22;5790;318386;765;416;  Maracon
22;5791;968160;999;969;  Mézières (VD)
22;5792;351446;942;373;  Montpreveyres
22;5793;852547;697;1224;  Oron-la-Ville
22;5794;180720;776;233;  Oron-le-Châtel
22;5795;583206;535;1091;  Palézieux
22;5796;326565;1047;312;  Peney-le-Jorat
22;5798;315187;845;373;  Ropraz
22;5799;926756;947;979;  Servion
22;5800;81498;668;122;  Les Tavernes
22;5801;140509;817;172;  Les Thioleyres
22;5802;64274;536;120;  Vuibroye
22;5803;223410;510;438;  Vulliens
22;5811;19095;303;63;  Cerniaz (VD)
22;5812;26313;263;100;  Champtauroz
22;5813;201601;526;383;  Chevroux
22;5814;153657;499;308;  Combremont-le-Grand
22;5815;200329;544;368;  Combremont-le-Petit
22;5816;937255;570;1644;  Corcelles-près-Payerne
22;5817;400776;549;730;  Grandcour
22;5818;674758;589;1146;  Granges-près-Marnand
22;5819;142919;621;230;  Henniez
22;5820;81906;565;145;  Marnand
22;5821;103814;378;275;  Missy
22;5822;3809575;522;7294;  Payerne
22;5824;68239;461;148;  Sassel
22;5826;99356;360;276;  Seigneux
22;5827;163161;703;232;  Trey
22;5828;30047;295;102;  Treytorrens (Payerne)
22;5829;38116;323;118;  Villars-Bramard
22;5830;195090;513;380;  Villarzel
22;5841;2578032;874;2949;  Château-d'Oex
22;5842;223443;441;507;  Rossinière
22;5843;1940508;2154;901;  Rougemont
22;5851;637311;1626;392;  Allaman
22;5852;2458265;7188;342;  Bursinel
22;5853;1588200;3043;522;  Bursins
22;5854;441675;1420;311;  Burtigny
22;5855;3149970;7609;414;  Dully
22;5856;872863;1760;496;  Essertines-sur-Rolle
22;5857;3102882;4040;768;  Gilly
22;5858;1152338;3579;322;  Luins
22;5859;5314187;2959;1796;  Mont-sur-Rolle
22;5860;3396239;3076;1104;  Perroy
22;5861;9501778;2244;4235;  Rolle
22;5862;332834;1716;194;  Tartegnin
22;5863;655357;2222;295;  Vinzel
22;5871;1210031;928;1304;  L'Abbaye
22;5872;2853816;664;4297;  Le Chenit
22;5873;876372;1102;795;  Le Lieu
22;5881;13549934;2886;4695;  Blonay
22;5882;5584066;2147;2601;  Chardonne
22;5883;6658412;3203;2079;  Corseaux
22;5884;2583538;807;3200;  Corsier-sur-Vevey
22;5885;2850069;2216;1286;  Jongny
22;5886;28571135;1272;22454;  Montreux
22;5888;11544923;2838;4068;  Saint-Légier-La Chiésaz
22;5889;15023007;1469;10230;  La Tour-de-Peilz
22;5890;15064090;930;16202;  Vevey
22;5891;1415233;1663;851;  Veytaux
22;5902;149001;603;247;  Belmont-sur-Yverdon
22;5903;73245;433;169;  Bioley-Magnoux
22;5904;645835;1259;513;  Chamblon
22;5905;336851;1127;299;  Champvent
22;5906;69031;793;87;  Chanéaz
22;5907;116854;502;233;  Chavannes-le-Chêne
22;5908;30996;298;104;  Chêne-Pâquier
22;5909;1114853;2111;528;  Cheseaux-Noréaz
22;5910;159691;518;308;  Cronay
22;5911;212597;1243;171;  Cuarny
22;5912;42226;317;133;  Démoret
22;5913;497684;991;502;  Donneloye
22;5914;189639;593;320;  Ependes (VD)
22;5915;43008;344;125;  Essert-Pittet
22;5916;100463;761;132;  Essert-sous-Champvent
22;5918;95658;688;139;  Gressy
22;5919;328009;715;459;  Mathod
22;5921;64823;358;181;  Molondin
22;5922;557791;920;606;  Montagny-près-Yverdon
22;5923;79965;470;170;  Oppens
22;5924;209289;1031;203;  Orges
22;5925;143368;728;197;  Orzens
22;5926;475111;815;583;  Pomy
22;5927;45873;364;126;  Prahins
22;5928;83216;671;124;  Rovray
22;5929;307638;892;345;  Suchy
22;5930;168263;945;178;  Suscévaz
22;5931;279471;610;458;  Treycovagnes
22;5932;201622;1186;170;  Ursins
22;5933;455387;853;534;  Valeyres-sous-Montagny
22;5934;127090;706;180;  Valeyres-sous-Ursins
22;5935;232920;4658;50;  Villars-Epeney
22;5936;58624;1303;45;  Villars-sous-Champvent
22;5937;30303;306;99;  Vugelles-La Mothe
22;5938;13139589;539;24376;  Yverdon-les-Bains
22;5939;1510279;663;2278;  Yvonand
23;6001;109870;506;217;  Birgisch
23;6002;9408519;812;11590;  Brig-Glis
23;6004;148606;389;382;  Eggerberg
23;6006;164916;287;574;  Mund
23;6007;4156067;553;7515;  Naters
23;6008;943000;596;1582;  Ried-Brig
23;6009;230521;692;333;  Simplon
23;6010;592695;759;781;  Termen
23;6011;31073;398;78;  Zwischbergen
23;6021;1238396;540;2295;  Ardon
23;6022;1425661;571;2497;  Chamoson
23;6023;3614648;577;6261;  Conthey
23;6024;3602684;673;5350;  Nendaz
23;6025;3176375;861;3691;  Vétroz
23;6031;24446386;3740;6536;  Bagnes
23;6032;42674;201;212;  Bourg-Saint-Pierre
23;6033;195863;297;659;  Liddes
23;6034;1637522;623;2630;  Orsières
23;6035;234851;297;792;  Sembrancher
23;6036;632313;483;1309;  Vollèges
23;6052;213666;500;427;  Bellwald
23;6054;32589;210;155;  Binn
23;6055;72734;735;99;  Blitzingen
23;6056;166707;305;546;  Ernen
23;6057;532448;535;996;  Fiesch
23;6058;104161;408;255;  Fieschertal
23;6061;103762;358;290;  Lax
23;6064;10105;144;70;  Niederwald
23;6065;268853;398;676;  Obergesteln
23;6066;-99;1262;-99;  Oberwald
23;6071;-99;1262;-99;  Ulrichen
23;6073;47551;248;192;  Grafschaft
23;6074;299319;576;520;  Münster-Geschinen
23;6075;153749;297;517;  Reckingen-Gluringen
23;6081;170201;630;270;  Les Agettes
23;6082;2366037;788;3001;  Ayent
23;6083;948425;623;1522;  Evolène
23;6084;884097;683;1294;  Hérémence
23;6085;108611;525;207;  Mase
23;6086;240604;628;383;  Nax
23;6087;303497;338;897;  Saint-Martin (VS)
23;6088;75772;526;144;  Vernamiège
23;6089;1414812;1079;1311;  Vex
23;6101;303303;400;758;  Agarn
23;6102;65592;251;261;  Albinen
23;6103;-99;1262;-99;  Bratsch
23;6104;55324;314;176;  Ergisch
23;6105;67209;223;302;  Erschmatt
23;6107;708645;401;1765;  Gampel
23;6109;29575;332;89;  Inden
23;6110;1133003;337;3361;  Leuk
23;6111;733748;513;1431;  Leukerbad
23;6112;19985;160;125;  Oberems
23;6113;852228;711;1198;  Salgesch
23;6114;319840;322;992;  Turtmann
23;6115;37672;234;161;  Unterems
23;6116;199740;332;602;  Varen
23;6117;161612;394;410;  Guttet-Feschel
23;6131;404381;552;733;  Bovernier
23;6132;590122;546;1081;  Charrat
23;6133;3789152;678;5587;  Fully
23;6134;410991;450;914;  Isérables
23;6135;1427979;671;2128;  Leytron
23;6136;12027334;837;14361;  Martigny
23;6137;1294984;748;1731;  Martigny-Combe
23;6139;1389937;633;2197;  Riddes
23;6140;1022596;673;1519;  Saillon
23;6141;2165407;654;3312;  Saxon
23;6142;73177;563;130;  Trient
23;6151;1338737;1209;1107;  Champéry
23;6152;3473387;610;5695;  Collombey-Muraz
23;6153;10115149;726;13933;  Monthey
23;6154;1992752;843;2364;  Port-Valais
23;6155;441841;572;773;  Saint-Gingolph
23;6156;2856786;801;3567;  Troistorrents
23;6157;935061;655;1428;  Val-d'Illiez
23;6158;1679858;1075;1562;  Vionnaz
23;6159;1739442;588;2960;  Vouvry
23;6171;326931;728;449;  Betten
23;6172;9763;296;33;  Bister
23;6173;347002;465;747;  Bitsch
23;6174;-99;1262;-99;  Filet
23;6177;110804;226;491;  Grengiols
23;6178;3092;115;27;  Martisberg
23;6179;291548;431;676;  Mörel
23;6181;209962;398;527;  Riederalp
23;6191;288123;459;628;  Ausserberg
23;6192;68588;244;281;  Blatten
23;6193;255882;381;672;  Bürchen
23;6194;140563;281;500;  Eischoll
23;6195;79904;279;286;  Ferden
23;6196;-99;1262;-99;  Hohtenn
23;6197;92729;252;368;  Kippel
23;6198;245460;428;573;  Niedergesteln
23;6199;918143;549;1672;  Raron
23;6200;705303;459;1536;  Steg
23;6201;188488;442;426;  Unterbäch
23;6202;186865;383;488;  Wiler (Lötschen)
23;6211;213073;437;488;  Collonges
23;6212;260294;429;607;  Dorénaz
23;6213;352222;379;930;  Evionnaz
23;6214;148597;467;318;  Finhaut
23;6215;744503;564;1319;  Massongex
23;6216;23449;221;106;  Mex (VS)
23;6217;1657879;461;3596;  Saint-Maurice
23;6218;538250;528;1020;  Salvan
23;6219;596639;374;1597;  Vernayaz
23;6220;198049;451;439;  Vérossaz
23;6231;-99;1262;-99;  Ayer
23;6232;1767923;665;2657;  Chalais
23;6233;-99;1262;-99;  Chandolin
23;6234;8257362;3046;2711;  Chermignon
23;6235;540811;363;1491;  Chippis
23;6237;-99;1262;-99;  Grimentz
23;6238;830894;445;1866;  Grône
23;6239;794170;1966;404;  Icogne
23;6240;7323360;2182;3357;  Lens
23;6241;585628;641;913;  Miège
23;6242;592990;770;770;  Mollens (VS)
23;6243;3702030;1606;2305;  Montana
23;6244;3895516;1315;2963;  Randogne
23;6245;-99;1262;-99;  Saint-Jean
23;6246;1361911;728;1872;  Saint-Léonard
23;6247;-99;1262;-99;  Saint-Luc
23;6248;7991709;558;14317;  Sierre
23;6249;1338552;1432;935;  Venthône
23;6250;1570301;1104;1422;  Veyras
23;6251;2248988;1105;2035;  Vissoie
23;6261;1130433;1413;800;  Arbaz
23;6263;2822189;1211;2331;  Grimisuat
23;6264;602156;682;883;  Salins
23;6265;4110868;770;5341;  Savièse
23;6266;21877484;805;27171;  Sion
23;6267;403749;865;467;  Veysonnaz
23;6281;520633;496;1050;  Baltschieder
23;6282;63580;281;226;  Eisten
23;6283;123090;349;353;  Embd
23;6285;455481;363;1254;  Grächen
23;6286;302682;465;651;  Lalden
23;6287;220557;546;404;  Randa
23;6288;105954;267;397;  Saas-Almagell
23;6289;113072;285;397;  Saas-Balen
23;6290;1310651;901;1454;  Saas-Fee
23;6291;285536;245;1167;  Saas-Grund
23;6292;763099;331;2304;  St. Niklaus
23;6293;454642;396;1149;  Stalden (VS)
23;6294;173525;313;554;  Staldenried
23;6295;331434;399;831;  Täsch
23;6296;144922;291;498;  Törbel
23;6297;4741402;724;6550;  Visp
23;6298;633512;467;1357;  Visperterminen
23;6299;87878;374;235;  Zeneggen
23;6300;7274410;1215;5988;  Zermatt
24;6401;3603123;2350;1533;  Auvernier
24;6402;3668800;1018;3603;  Bevaix
24;6403;1646261;926;1778;  Bôle
24;6404;3141485;592;5311;  Boudry
24;6405;31155;328;95;  Brot-Dessous
24;6406;5771414;1179;4897;  Colombier (NE)
24;6407;5319067;1359;3914;  Corcelles-Cormondrèche
24;6408;3656086;836;4373;  Cortaillod
24;6409;160042;734;218;  Fresens
24;6410;2622390;1477;1775;  Gorgier
24;6411;73039;397;184;  Montalchez
24;6412;4025515;747;5387;  Peseux
24;6413;1140091;1100;1036;  Rochefort
24;6414;2015424;831;2426;  Saint-Aubin-Sauges
24;6415;457196;2394;191;  Vaumarcus
24;6421;23205808;627;37016;  La Chaux-de-Fonds
24;6422;82261;366;225;  Les Planchettes
24;6423;546728;548;997;  La Sagne
24;6431;892330;767;1164;  Les Brenets
24;6432;279044;431;647;  La Brévine
24;6433;79303;311;255;  Brot-Plamboz
24;6434;132203;422;313;  Le Cerneux-Péquignot
24;6435;243648;612;398;  La Chaux-du-Milieu
24;6436;5135373;488;10529;  Le Locle
24;6437;725227;559;1297;  Les Ponts-de-Martel
24;6451;919990;625;1473;  Cornaux
24;6452;897714;467;1923;  Cressier (NE)
24;6453;326744;1131;289;  Enges
24;6454;2498052;947;2637;  Hauterive (NE)
24;6455;3580518;847;4227;  Le Landeron
24;6456;588338;644;914;  Lignières
24;6457;2894752;802;3611;  Marin-Epagnier
24;6458;28217914;857;32914;  Neuchâtel
24;6459;4263300;1368;3117;  Saint-Blaise
24;6460;838807;1446;580;  Thielle-Wavre
24;6471;466030;649;718;  Boudevilliers
24;6472;1237901;644;1921;  Cernier
24;6473;2823354;1763;1601;  Chézard-Saint-Martin
24;6474;431440;698;618;  Coffrane
24;6475;978561;643;1521;  Dombresson
24;6476;103044;1392;74;  Engollon
24;6477;738291;965;765;  Fenin-Vilars-Saules
24;6478;1155002;720;1605;  Fontainemelon
24;6479;888494;974;912;  Fontaines (NE)
24;6480;1172976;832;1409;  Les Geneveys-sur-Coffrane
24;6481;630587;641;983;  Les Hauts-Geneveys
24;6482;592724;1253;473;  Montmollin
24;6483;237962;1030;231;  Le Pâquier (NE)
24;6484;835967;926;903;  Savagnier
24;6485;247974;620;400;  Valangin
24;6486;317189;805;394;  Villiers
24;6501;142933;404;354;  Les Bayards
24;6502;125231;345;363;  Boveresse
24;6503;169063;263;644;  Buttes
24;6504;198915;376;529;  La Côte-aux-Fées
24;6505;1200324;444;2703;  Couvet
24;6506;1853489;493;3761;  Fleurier
24;6507;531696;626;849;  Môtiers (NE)
24;6508;144291;310;466;  Noiraigue
24;6509;348290;590;590;  Saint-Sulpice (NE)
24;6510;495734;420;1180;  Travers
24;6511;283738;386;735;  Les Verrières
25;6601;1718861;2335;736;  Aire-la-Ville
25;6602;24878989;12250;2031;  Anières
25;6603;1975676;1138;1736;  Avully
25;6604;2875588;2443;1177;  Avusy
25;6605;4279741;2044;2094;  Bardonnex
25;6606;6777314;3763;1801;  Bellevue
25;6607;17764997;1957;9076;  Bernex
25;6608;27967224;1590;17590;  Carouge (GE)
25;6609;3392630;4536;748;  Cartigny
25;6610;3362337;5613;599;  Céligny
25;6611;1607526;1761;913;  Chancy
25;6612;47653123;4883;9759;  Chêne-Bougeries
25;6613;8632334;1195;7221;  Chêne-Bourg
25;6614;5044866;5396;935;  Choulex
25;6615;3103739;2427;1279;  Collex-Bossy
25;6616;48877471;7705;6344;  Collonge-Bellerive
25;6617;49318705;10500;4697;  Cologny
25;6618;9046255;2983;3033;  Confignon
25;6619;9264979;5508;1682;  Corsier (GE)
25;6620;1828417;1424;1284;  Dardagny
25;6621;363492535;2043;177964;  Genève
25;6622;22462642;10347;2171;  Genthod
25;6623;15079013;1858;8114;  Le Grand-Saconnex
25;6624;1984607;5364;370;  Gy
25;6625;4168717;5109;816;  Hermance
25;6626;4786703;4324;1107;  Jussy
25;6627;1767020;3272;540;  Laconnex
25;6628;32610260;1269;25688;  Lancy
25;6629;5767489;3401;1696;  Meinier
25;6630;21526343;1101;19548;  Meyrin
25;6631;16430911;1001;16419;  Onex
25;6632;4607275;1656;2782;  Perly-Certoux
25;6633;20350745;2991;6804;  Plan-les-Ouates
25;6634;19964358;6635;3009;  Pregny-Chambésy
25;6635;3854725;6278;614;  Presinge
25;6636;4123099;1826;2258;  Puplinge
25;6637;695841;1775;392;  Russin
25;6638;8958651;3217;2785;  Satigny
25;6639;1496229;2506;597;  Soral
25;6640;23631283;1946;12141;  Thônex
25;6641;14282797;7036;2030;  Troinex
25;6642;27120338;11625;2333;  Vandoeuvres
25;6643;20270312;686;29559;  Vernier
25;6644;18809090;1825;10309;  Versoix
25;6645;36297288;4082;8892;  Veyrier
26;6701;1746618;532;3283;  Bassecourt
26;6702;634942;780;814;  Boécourt
26;6703;66639;233;286;  Bourrignon
26;6704;217743;576;378;  Châtillon (JU)
26;6705;138479;306;452;  Corban
26;6706;136420;342;399;  Courchapoix
26;6707;537320;350;1537;  Courfaivre
26;6708;1109198;456;2435;  Courrendlin
26;6709;1391384;509;2733;  Courroux
26;6710;1429171;656;2180;  Courtételle
26;6711;6982804;615;11353;  Delémont
26;6712;818677;653;1253;  Develier
26;6713;26537;206;129;  Ederswiler
26;6714;401951;358;1122;  Glovelier
26;6715;210201;359;585;  Mervelier
26;6716;32651;281;116;  Mettembert
26;6717;151996;302;503;  Montsevelier
26;6718;131945;338;390;  Movelier
26;6719;107930;265;408;  Pleigne
26;6720;121481;387;314;  Rebeuvelier
26;6721;268390;536;501;  Rossemaison
26;6722;52291;198;264;  Saulcy
26;6723;73757;314;235;  Soulce
26;6724;158168;316;500;  Soyhières
26;6725;59240;185;321;  Undervelier
26;6726;73643;231;319;  Vermes
26;6727;683732;425;1608;  Vicques
26;6728;26484;401;66;  Vellerat
26;6741;75197;217;346;  Le Bémont (JU)
26;6742;2064263;2006;1029;  Les Bois
26;6743;681121;506;1347;  Les Breuleux
26;6744;22642;231;98;  La Chaux-des-Breuleux
26;6745;38891;299;130;  Les Enfers
26;6746;52609;353;149;  Epauvillers
26;6747;9562;118;81;  Epiquerez
26;6748;309715;600;516;  Les Genevez (JU)
26;6749;59393;376;158;  Goumois
26;6750;358469;592;606;  Lajoux (JU)
26;6751;151259;312;485;  Montfaucon
26;6752;6346;141;45;  Montfavergier
26;6753;482201;1121;430;  Muriaux
26;6754;1182383;757;1561;  Le Noirmont
26;6755;11109;292;38;  Le Peuchapatte
26;6756;59590;232;257;  Les Pommerats
26;6757;1173804;547;2145;  Saignelégier
26;6758;41167;194;212;  Saint-Brais
26;6759;24163;178;136;  Soubey
26;6771;694869;451;1542;  Alle
26;6772;57610;267;216;  Asuel
26;6773;39293;250;157;  Beurnevésin
26;6774;802549;591;1358;  Boncourt
26;6775;201705;297;679;  Bonfol
26;6776;158432;426;372;  Bressaucourt
26;6777;149871;329;456;  Buix
26;6778;261158;382;684;  Bure
26;6779;81356;191;426;  Charmoille
26;6780;245774;370;665;  Chevenez
26;6781;214682;337;637;  Coeuve
26;6782;296571;372;797;  Cornol
26;6783;148944;508;293;  Courchavon
26;6784;962454;467;2062;  Courgenay
26;6785;521548;706;739;  Courtedoux
26;6786;272896;431;633;  Courtemaîche
26;6787;42338;255;166;  Damphreux
26;6788;25707;189;136;  Damvant
26;6789;134456;348;386;  Fahy
26;6790;561803;450;1249;  Fontenais
26;6791;69419;522;133;  Fregiécourt
26;6792;118489;359;330;  Grandfontaine
26;6793;48358;213;227;  Lugnez
26;6794;139671;331;422;  Miécourt
26;6795;14560;171;85;  Montenol
26;6796;48583;195;249;  Montignez
26;6797;27787;302;92;  Montmelon
26;6798;33751;256;132;  Ocourt
26;6799;22242;278;80;  Pleujouse
26;6800;4453268;659;6753;  Porrentruy
26;6801;28041;150;187;  Réclère
26;6802;3407;103;33;  Roche-d'Or
26;6803;46635;328;142;  Rocourt
26;6804;189747;247;769;  Saint-Ursanne
26;6805;20305;303;67;  Seleute
26;6806;195900;318;617;  Vendlincourt
